Rank,Name,Platform,Year,Genre,Publisher,NA_Sales(millions),EU_Sales(millions),JP_Sales(millions),Other_Sales(millions),Global_Sales(millions)
34,Call of Duty: Black Ops 3,PS4,2015,Shooter,Activision,5.77,5.81,0.35,2.31,14.24
45,Grand Theft Auto V,PS4,2014,Action,Take-Two Interactive,3.8,5.81,0.36,2.02,11.98
50,Pokemon Omega Ruby/Pokemon Alpha Sapphire,3DS,2014,Role-Playing,Nintendo,4.23,3.37,3.08,0.65,11.33
78,FIFA 16,PS4,2015,Sports,Electronic Arts,1.11,6.06,0.06,1.26,8.49
93,Star Wars Battlefront (2015),PS4,2015,Shooter,Electronic Arts,2.93,3.29,0.22,1.23,7.67
94,Call of Duty: Advanced Warfare,PS4,2014,Shooter,Activision,2.8,3.3,0.14,1.37,7.6
98,Super Smash Bros. for Wii U and 3DS,3DS,2014,Fighting,Nintendo,3.24,1.35,2.42,0.43,7.45
102,Call of Duty: Black Ops 3,XOne,2015,Shooter,Activision,4.52,2.09,0.01,0.67,7.3
109,Mario Kart 8,WiiU,2014,Racing,Nintendo,3.13,2.07,1.27,0.49,6.96
110,Fallout 4,PS4,2015,Role-Playing,Bethesda Softworks,2.47,3.15,0.24,1.1,6.96
125,FIFA 15,PS4,2014,Sports,Electronic Arts,0.79,4.29,0.05,1.47,6.59
155,Destiny,PS4,2014,Shooter,Activision,2.49,2.05,0.16,0.96,5.65
169,Minecraft,PS3,2014,Misc,Sony Computer Entertainment,1.97,2.51,0,0.94,5.42
194,Call of Duty: Advanced Warfare,XOne,2014,Shooter,Activision,3.21,1.53,0.01,0.38,5.13
198,Grand Theft Auto V,XOne,2014,Action,Take-Two Interactive,2.66,2.01,0,0.41,5.08
204,Super Smash Bros. for Wii U and 3DS,WiiU,2014,Fighting,Nintendo,2.59,1.06,0.8,0.57,5.02
220,FIFA 15,PS3,2014,Sports,Electronic Arts,0.57,3.14,0.04,1.07,4.82
222,FIFA 17,PS4,2016,Sports,Electronic Arts,0.28,3.75,0.06,0.69,4.77
236,Splatoon,WiiU,2015,Shooter,Nintendo,1.55,1.15,1.44,0.43,4.57
237,The Last of Us,PS4,2014,Action,Sony Computer Entertainment,1.78,1.87,0.07,0.82,4.55
244,Uncharted: The Nathan Drake Collection,PS4,2015,Action,Sony Computer Entertainment,1.96,1.69,0.08,0.74,4.47
245,Call of Duty: Advanced Warfare,PS3,2014,Shooter,Activision,1.54,1.94,0.19,0.77,4.45
258,Call of Duty: Advanced Warfare,X360,2014,Shooter,Activision,2.75,1.18,0,0.37,4.31
261,Halo 5: Guardians,XOne,2015,Shooter,Microsoft Game Studios,2.64,1.2,0.03,0.39,4.26
272,Uncharted 4: A Thief's End,PS4,2016,Shooter,Sony Computer Entertainment,1.3,2.07,0.18,0.65,4.2
281,Watch Dogs,PS4,2014,Action,Ubisoft,1.4,1.86,0.11,0.77,4.14
288,Fallout 4,XOne,2015,Role-Playing,Bethesda Softworks,2.45,1.26,0.01,0.37,4.09
296,Far Cry 4,PS4,2014,Shooter,Ubisoft,1.12,2.12,0.1,0.69,4.03
298,Minecraft,PS4,2014,Misc,Sony Computer Entertainment Europe,1.38,1.87,0.12,0.65,4.02
305,Assassin's Creed: Unity,PS4,2014,Action,Ubisoft,1.18,1.96,0.08,0.7,3.92
309,Monster Hunter 4 Ultimate,3DS,2014,Role-Playing,Nintendo,0.67,0.49,2.62,0.11,3.89
315,NBA 2K16,PS4,2015,Sports,Take-Two Interactive,2.48,0.65,0.03,0.69,3.85
323,Batman: Arkham Knight,PS4,2015,Action,Warner Bros. Interactive Entertainment,1.49,1.58,0.1,0.61,3.79
332,The Witcher 3: Wild Hunt,PS4,2015,Role-Playing,Namco Bandai Games,0.96,2,0.21,0.56,3.73
352,Tom Clancy's The Division,PS4,2016,Shooter,Ubisoft,1.28,1.61,0.15,0.57,3.61
379,Star Wars Battlefront (2015),XOne,2015,Shooter,Electronic Arts,1.94,1.22,0.02,0.31,3.49
382,Assassin's Creed: Unity,XOne,2014,Action,Ubisoft,2.26,0.89,0,0.3,3.46
396,Metal Gear Solid V: The Phantom Pain,PS4,2015,Action,Konami Digital Entertainment,1.08,1.35,0.48,0.47,3.38
410,Assassin's Creed Syndicate,PS4,2015,Action,Ubisoft,0.8,1.92,0.06,0.5,3.28
411,Destiny,XOne,2014,Shooter,Activision,2.13,0.92,0,0.23,3.28
415,Monster Hunter X,3DS,2015,Action,Capcom,0.25,0.19,2.78,0.04,3.26
417,FIFA 16,XOne,2015,Sports,Electronic Arts,0.88,2.11,0,0.23,3.23
419,Madden NFL 16,PS4,2015,Sports,Electronic Arts,2.33,0.3,0,0.59,3.22
430,Super Mario Maker,WiiU,2015,Platform,Nintendo,1.18,0.87,0.93,0.2,3.18
440,Halo: The Master Chief Collection,XOne,2014,Shooter,Microsoft Game Studios,1.89,0.99,0.03,0.24,3.15
450,FIFA 15,X360,2014,Sports,Electronic Arts,0.78,2.02,0,0.3,3.11
468,Gears of War: Ultimate Edition,XOne,2015,Shooter,Microsoft Game Studios,2.38,0.32,0,0.31,3
472,Middle-Earth: Shadow of Mordor,PS4,2014,Action,Warner Bros. Interactive Entertainment,1.01,1.41,0.05,0.53,2.99
477,Animal Crossing: Happy Home Designer,3DS,2015,Simulation,Nintendo,0.47,1,1.39,0.12,2.98
479,The Sims 4,PC,2014,Simulation,Electronic Arts,0.96,1.72,0,0.29,2.97
495,Titanfall,XOne,2014,Shooter,Electronic Arts,1.84,0.8,0.04,0.22,2.9
514,FIFA 16,PS3,2015,Sports,Electronic Arts,0.4,1.98,0.05,0.42,2.85
539,inFAMOUS: Second Son,PS4,2014,Action,Sony Computer Entertainment,1.27,0.97,0.07,0.47,2.78
554,Mortal Kombat X,PS4,2015,Fighting,Warner Bros. Interactive Entertainment,1.47,0.76,0,0.47,2.7
644,Minecraft,XOne,2014,Misc,Microsoft Game Studios,1.43,0.76,0,0.22,2.41
646,Madden NFL 16,XOne,2015,Sports,Electronic Arts,2.07,0.08,0,0.26,2.4
651,Need for Speed (2015),PS4,2015,Racing,Electronic Arts,0.49,1.49,0.05,0.36,2.39
662,Bloodborne,PS4,2015,Action,Sony Computer Entertainment,1,0.76,0.26,0.36,2.38
663,NBA 2K15,PS4,2014,Sports,Take-Two Interactive,1.46,0.54,0.01,0.37,2.38
682,The Legend of Zelda: Majora's Mask 3D,3DS,2015,Action,Nintendo,1.14,0.54,0.47,0.17,2.32
683,NBA 2K16,XOne,2015,Sports,Take-Two Interactive,1.93,0.14,0,0.24,2.32
700,Just Dance 2015,Wii,2014,Misc,Ubisoft,1.11,0.98,0,0.2,2.28
715,Minecraft,PSV,2014,Misc,Sony Computer Entertainment Europe,0.28,0.79,0.87,0.32,2.25
760,Tom Clancy's Rainbow Six: Siege,PS4,2015,Shooter,Ubisoft,0.54,1.16,0.13,0.32,2.15
762,FIFA 15,XOne,2014,Sports,Electronic Arts,0.6,1.41,0,0.14,2.15
772,Far Cry: Primal,PS4,2016,Action,Ubisoft,0.59,1.16,0.06,0.33,2.13
799,Battlefield: Hardline,PS4,2015,Shooter,Electronic Arts,0.7,0.93,0.14,0.32,2.09
838,Madden NFL 15,PS4,2014,Sports,Electronic Arts,1.53,0.25,0,0.25,2.03
844,Madden NFL 15,X360,2014,Sports,Electronic Arts,1.76,0.09,0,0.17,2.02
847,Tom Clancy's The Division,XOne,2016,Shooter,Ubisoft,1.2,0.62,0,0.18,2.01
850,DriveClub,PS4,2014,Racing,Sony Computer Entertainment,0.35,1.31,0.02,0.33,2
860,Dragon Age: Inquisition,PS4,2014,Role-Playing,Electronic Arts,0.72,0.86,0.08,0.32,1.97
873,Destiny,X360,2014,Shooter,Activision,1.3,0.49,0,0.16,1.95
893,Watch Dogs,PS3,2014,Action,Ubisoft,0.56,0.89,0.1,0.37,1.93
907,Destiny: The Taken King,PS4,2015,Shooter,Activision,0.77,0.78,0.04,0.31,1.91
931,LittleBigPlanet 3,PS4,2014,Platform,Sony Computer Entertainment,0.64,0.92,0.01,0.29,1.86
949,Just Cause 3,PS4,2015,Action,Square Enix,0.46,1.02,0.07,0.28,1.83
953,Kirby: Triple Deluxe,3DS,2014,Platform,Nintendo,0.61,0.34,0.79,0.09,1.82
959,The Evil Within,PS4,2014,Action,Bethesda Softworks,0.55,0.84,0.11,0.31,1.81
969,Call of Duty: Black Ops 3,PS3,2015,Shooter,Activision,0.49,0.96,0.07,0.27,1.79
1001,Call of Duty: Black Ops 3,X360,2015,Shooter,Activision,1.11,0.48,0,0.16,1.76
1020,Forza Motorsport 6,XOne,2015,Racing,Microsoft Game Studios,0.69,0.89,0.03,0.14,1.74
1024,Diablo III,PS4,2014,Role-Playing,Activision,0.49,0.88,0.06,0.3,1.74
1026,Destiny,PS3,2014,Shooter,Activision,0.67,0.66,0.12,0.27,1.73
1028,Overwatch,PS4,2016,Shooter,Activision,0.64,0.68,0.14,0.26,1.73
1035,The Order: 1886,PS4,2015,Shooter,Sony Computer Entertainment,0.61,0.78,0.06,0.27,1.72
1036,The Elder Scrolls Online,PS4,2015,Role-Playing,Bethesda Softworks,0.66,0.78,0,0.28,1.72
1051,The Crew,PS4,2014,Racing,Ubisoft,0.34,1.08,0.03,0.26,1.7
1060,NBA 2K15,XOne,2014,Sports,Take-Two Interactive,1.36,0.18,0,0.15,1.69
1065,FIFA 16,X360,2015,Sports,Electronic Arts,0.55,1.01,0,0.13,1.69
1099,Dying Light,PS4,2015,Action,Warner Bros. Interactive Entertainment,0.63,0.66,0.11,0.26,1.66
1124,Until Dawn,PS4,2015,Adventure,Sony Computer Entertainment Europe,0.44,0.89,0.05,0.25,1.64
1132,NBA 2K15,X360,2014,Sports,Take-Two Interactive,1.33,0.14,0,0.15,1.63
1149,Far Cry 4,XOne,2014,Shooter,Ubisoft,0.79,0.68,0.01,0.13,1.61
1158,No Man's Sky,PS4,2016,Action,Hello Games,0.58,0.74,0.02,0.26,1.6
1170,Wolfenstein: The New Order,PS4,2014,Shooter,Bethesda Softworks,0.47,0.8,0.03,0.29,1.58
1191,Dark Souls III,PS4,2016,Role-Playing,Namco Bandai Games,0.58,0.44,0.33,0.21,1.56
1204,Watch Dogs,XOne,2014,Action,Ubisoft,0.9,0.53,0,0.13,1.55
1209,Mario Party 10,WiiU,2015,Misc,Nintendo,0.69,0.5,0.24,0.11,1.55
1212,Fire Emblem Fates,3DS,2015,Role-Playing,Nintendo,0.71,0.22,0.52,0.1,1.54
1226,FIFA 17,XOne,2016,Sports,Electronic Arts,0.17,1.26,0,0.1,1.53
1229,Donkey Kong Country: Tropical Freeze,WiiU,2014,Platform,Nintendo,0.73,0.52,0.15,0.12,1.52
1243,Madden NFL 15,XOne,2014,Sports,Electronic Arts,1.3,0.09,0,0.12,1.51
1319,Batman: Arkham Knight,XOne,2015,Action,Warner Bros. Interactive Entertainment,0.86,0.46,0,0.13,1.45
1339,Far Cry 4,PS3,2014,Shooter,Ubisoft,0.33,0.79,0.08,0.23,1.44
1367,Tomb Raider (2013),PS4,2014,Action,Square Enix,0.47,0.64,0.06,0.25,1.41
1373,Madden NFL 15,PS3,2014,Sports,Electronic Arts,1.07,0.15,0,0.19,1.41
1391,Doom (2016),PS4,2016,Shooter,Bethesda Softworks,0.49,0.66,0.02,0.22,1.39
1405,Titanfall,X360,2014,Shooter,Electronic Arts,0.87,0.38,0.02,0.11,1.38
1415,Assassin's Creed: Rogue,PS3,2014,Action,Ubisoft,0.46,0.62,0.06,0.23,1.37
1418,Forza Horizon 2,XOne,2014,Racing,Microsoft Game Studios,0.5,0.78,0.01,0.09,1.37
1424,NBA 2K15,PS3,2014,Sports,Take-Two Interactive,0.86,0.27,0.02,0.22,1.36
1432,Yoshi's New Island,3DS,2014,Platform,Nintendo,0.47,0.51,0.28,0.09,1.36
1446,Mortal Kombat X,XOne,2015,Fighting,Warner Bros. Interactive Entertainment,1,0.21,0,0.13,1.35
1484,Middle-Earth: Shadow of Mordor,XOne,2014,Action,Warner Bros. Interactive Entertainment,0.72,0.5,0.01,0.1,1.32
1487,Dark Souls II,PS3,2014,Role-Playing,Namco Bandai Games,0.4,0.36,0.4,0.17,1.32
1489,Kingdom Hearts II,PS3,2014,Role-Playing,Square Enix,0.52,0.43,0.18,0.19,1.32
1490,The LEGO Movie Videogame,X360,2014,Action,Warner Bros. Interactive Entertainment,0.69,0.52,0,0.11,1.32
1526,Rise of the Tomb Raider,XOne,2015,Adventure,Square Enix,0.53,0.64,0.02,0.1,1.3
1528,Yoshi's Woolly World,WiiU,2015,Platform,Nintendo,0.61,0.47,0.11,0.1,1.29
1533,Tom Clancy's Rainbow Six: Siege,XOne,2015,Shooter,Ubisoft,0.73,0.44,0,0.12,1.29
1541,Watch Dogs,X360,2014,Action,Ubisoft,0.72,0.45,0.01,0.11,1.28
1543,Metal Gear Solid V: Ground Zeroes,PS4,2014,Action,Konami Digital Entertainment,0.45,0.46,0.17,0.2,1.28
1545,Assassin's Creed Syndicate,XOne,2015,Action,Ubisoft,0.61,0.56,0,0.11,1.28
1563,The Elder Scrolls Online,XOne,2015,Role-Playing,Bethesda Softworks,0.77,0.38,0,0.12,1.27
1576,Hyrule Warriors,WiiU,2014,Action,Nintendo,0.61,0.42,0.13,0.1,1.26
1607,The Witcher 3: Wild Hunt,XOne,2015,Role-Playing,Namco Bandai Games,0.66,0.47,0,0.11,1.24
1619,Farming Simulator 2015,PC,2014,Simulation,Focus Home Interactive,0.08,1.02,0,0.13,1.23
1630,Madden NFL 17,PS4,2016,Sports,Electronic Arts,0.92,0.08,0,0.23,1.23
1632,Fallout 4,PC,2015,Role-Playing,Bethesda Softworks,0.5,0.63,0,0.1,1.23
1672,Just Dance 2016,Wii,2015,Misc,Ubisoft,0.52,0.59,0,0.1,1.2
1674,Battlefield: Hardline,XOne,2015,Shooter,Electronic Arts,0.72,0.37,0.01,0.11,1.2
1675,WWE 2K16,PS4,2015,Sports,Take-Two Interactive,0.41,0.6,0,0.19,1.2
1689,Captain Toad: Treasure Tracker,WiiU,2014,Puzzle,Nintendo,0.56,0.36,0.19,0.09,1.19
1703,NBA 2K17,PS4,2016,Sports,Take-Two Interactive,0.83,0.14,0,0.22,1.19
1704,Pokemon Super Mystery Dungeon,3DS,2015,Role-Playing,Nintendo,0.46,0.31,0.33,0.08,1.19
1729,Ratchet & Clank (2016),PS4,2016,Platform,Sony Computer Entertainment,0.32,0.64,0.04,0.18,1.17
1739,Destiny: The Taken King,XOne,2015,Shooter,Activision,0.82,0.23,0,0.11,1.17
1762,Plants vs. Zombies: Garden Warfare,X360,2014,Shooter,Electronic Arts,0.51,0.54,0,0.1,1.16
1810,WWE 2K15,PS4,2014,Sports,Take-Two Interactive,0.38,0.56,0,0.19,1.13
1814,Alien: Isolation,PS4,2014,Shooter,Sega,0.34,0.56,0.04,0.19,1.13
1826,Disney Infinity 2.0: Marvel Super Heroes,X360,2014,Action,Disney Interactive Studios,0.62,0.4,0,0.1,1.12
1834,Mad Max (2015),PS4,2015,Action,Warner Bros. Interactive Entertainment,0.32,0.58,0.04,0.17,1.11
1838,Sunset Overdrive,XOne,2014,Shooter,Microsoft Game Studios,0.62,0.4,0,0.08,1.11
1852,The Legend of Zelda: Tri Force Heroes,3DS,2015,Action,Nintendo,0.52,0.33,0.17,0.08,1.1
1898,Grand Theft Auto V,PC,2015,Action,Take-Two Interactive,0.36,0.64,0,0.08,1.08
1960,Naruto Shippuden: Ultimate Ninja Storm 4,PS4,2016,Fighting,Namco Bandai Games,0.39,0.41,0.1,0.16,1.06
1966,Assassin's Creed: Rogue,X360,2014,Action,Ubisoft,0.58,0.38,0,0.09,1.05
1969,Skylanders: Trap Team,Wii,2014,Action,Activision,0.42,0.54,0,0.08,1.05
1979,Dragon Ball: XenoVerse,PS4,2015,Fighting,Namco Bandai Games,0.3,0.48,0.12,0.15,1.05
2006,Project CARS,PS4,2015,Racing,Slightly Mad Studios,0.17,0.69,0.02,0.15,1.04
2014,EA Sports UFC,PS4,2014,Sports,Electronic Arts,0.46,0.4,0.01,0.17,1.04
2040,Disney Infinity 2.0: Marvel Super Heroes,PS3,2014,Action,Disney Interactive Studios,0.44,0.4,0,0.17,1.02
2043,Bayonetta 2,WiiU,2014,Action,Nintendo,0.34,0.28,0.1,0.3,1.01
2053,The LEGO Movie Videogame,PS3,2014,Action,Warner Bros. Interactive Entertainment,0.33,0.48,0.02,0.18,1.01
2055,Rayman Legends,PS4,2014,Platform,Ubisoft,0.21,0.61,0,0.18,1.01
2118,South Park: The Stick of Truth,PS3,2014,Role-Playing,Ubisoft,0.42,0.38,0,0.17,0.98
2121,Far Cry 4,X360,2014,Shooter,Ubisoft,0.45,0.44,0,0.08,0.98
2125,Madden NFL 16,X360,2015,Sports,Electronic Arts,0.82,0.05,0,0.1,0.98
2129,Final Fantasy Type-0,PS4,2015,Role-Playing,Square Enix,0.37,0.32,0.15,0.14,0.97
2141,NBA 2K16,X360,2015,Sports,Take-Two Interactive,0.77,0.1,0,0.1,0.97
2173,LEGO Jurassic World,X360,2015,Action,Warner Bros. Interactive Entertainment,0.47,0.4,0,0.08,0.95
2179,South Park: The Stick of Truth,X360,2014,Role-Playing,Ubisoft,0.57,0.3,0,0.08,0.95
2190,Evolve,PS4,2015,Shooter,Take-Two Interactive,0.35,0.41,0.05,0.15,0.95
2194,Lego Batman 3: Beyond Gotham,X360,2014,Action,Warner Bros. Interactive Entertainment,0.48,0.38,0,0.08,0.95
2214,The Legend of Zelda: Twilight Princess HD,WiiU,2016,Action,Nintendo,0.48,0.3,0.08,0.08,0.94
2231,LEGO Jurassic World,PS3,2015,Action,Warner Bros. Interactive Entertainment,0.34,0.44,0,0.15,0.93
2240,Skylanders: Trap Team,X360,2014,Action,Activision,0.54,0.31,0,0.08,0.93
2244,Pokken Tournament,WiiU,2016,Fighting,Namco Bandai Games,0.47,0.22,0.16,0.07,0.93
2265,Lego Batman 3: Beyond Gotham,PS4,2014,Action,Warner Bros. Interactive Entertainment,0.37,0.39,0,0.15,0.92
2267,The Evil Within,PS3,2014,Action,Bethesda Softworks,0.26,0.39,0.12,0.14,0.92
2273,MLB 15: The Show,PS4,2015,Sports,Sony Computer Entertainment,0.67,0.08,0,0.17,0.92
2287,Minecraft: Story Mode,X360,2015,Adventure,Mojang,0.46,0.38,0,0.08,0.91
2294,Dragon Age: Inquisition,XOne,2014,Role-Playing,Electronic Arts,0.55,0.28,0,0.07,0.91
2317,The Elder Scrolls Online,PC,2014,Role-Playing,Bethesda Softworks,0.32,0.48,0,0.09,0.9
2331,LEGO Jurassic World,PS4,2015,Action,Warner Bros. Interactive Entertainment,0.32,0.42,0.01,0.14,0.89
2344,EA Sports UFC 2,PS4,2016,Sports,Electronic Arts,0.28,0.47,0,0.14,0.89
2369,Just Cause 3,XOne,2015,Action,Square Enix,0.42,0.38,0,0.07,0.88
2429,Forza Horizon 2,X360,2014,Racing,Microsoft Game Studios,0.35,0.43,0,0.07,0.85
2436,Far Cry: Primal,XOne,2016,Action,Ubisoft,0.46,0.32,0,0.07,0.85
2445,WWE 2K15,PS3,2014,Sports,Take-Two Interactive,0.36,0.35,0,0.14,0.85
2446,Overwatch,XOne,2016,Shooter,Activision,0.52,0.25,0,0.08,0.85
2450,Kirby: Planet Robobot,3DS,2016,Action,Nintendo,0.26,0.1,0.44,0.04,0.85
2454,Thief (2014),PS4,2014,Action,Square Enix,0.28,0.37,0.03,0.16,0.84
2459,MLB 16: The Show,PS4,2016,Action,Sony Computer Entertainment,0.68,0,0,0.16,0.84
2461,Xenoblade Chronicles X,WiiU,2015,Role-Playing,Nintendo,0.36,0.28,0.14,0.06,0.84
2473,Borderlands: The Handsome Collection,PS4,2015,Shooter,Take-Two Interactive,0.36,0.32,0.03,0.14,0.84
2477,FIFA 15,PSV,2014,Sports,Electronic Arts,0.13,0.48,0.04,0.19,0.84
2488,Borderlands 2,PSV,2014,Shooter,Take-Two Interactive,0.43,0.21,0.01,0.19,0.83
2507,Madden NFL 17,XOne,2016,Sports,Electronic Arts,0.72,0.02,0,0.09,0.82
2513,Street Fighter V,PS4,2016,Fighting,Capcom,0.35,0.26,0.08,0.13,0.82
2525,Madden NFL 16,PS3,2015,Sports,Electronic Arts,0.56,0.11,0,0.15,0.82
2544,Guitar Hero Live,PS4,2015,Misc,Activision,0.32,0.35,0,0.13,0.81
2551,Lego Batman 3: Beyond Gotham,PS3,2014,Action,Warner Bros. Interactive Entertainment,0.33,0.35,0,0.13,0.81
2556,Dying Light,XOne,2015,Action,Warner Bros. Interactive Entertainment,0.43,0.3,0.01,0.07,0.81
2579,NBA 2K16,PS3,2015,Sports,Take-Two Interactive,0.44,0.19,0.03,0.13,0.8
2645,Pro Evolution Soccer 2016,PS4,2015,Sports,Konami Digital Entertainment,0.13,0.42,0.13,0.1,0.78
2669,Freedom Wars,PSV,2014,Role-Playing,Sony Computer Entertainment,0.22,0.14,0.32,0.1,0.77
2690,Plants vs. Zombies: Garden Warfare,PS3,2014,Shooter,Electronic Arts,0.22,0.4,0.01,0.14,0.76
2703,Pro Evolution Soccer 2015,PS4,2014,Sports,Konami Digital Entertainment,0.09,0.43,0.11,0.13,0.76
2718,FIFA 15,Wii,2014,Sports,Electronic Arts,0.24,0.46,0,0.06,0.76
2722,Dark Souls II,X360,2014,Role-Playing,Namco Bandai Games,0.48,0.2,0.01,0.06,0.76
2731,Rare Replay,XOne,2015,Misc,Microsoft Game Studios,0.47,0.21,0.01,0.07,0.75
2758,Just Dance 2015,WiiU,2014,Misc,Ubisoft,0.4,0.28,0,0.07,0.75
2759,Borderlands: The Pre-Sequel,X360,2014,Shooter,Take-Two Interactive,0.46,0.22,0.01,0.06,0.75
2760,LittleBigPlanet 3,PS3,2014,Platform,Sony Computer Entertainment,0.2,0.43,0.01,0.11,0.75
2773,Mario & Luigi: Paper Jam,3DS,2015,Role-Playing,Nintendo,0.16,0.3,0.25,0.04,0.74
2810,Dragon Age: Inquisition,PC,2014,Role-Playing,Electronic Arts,0.32,0.34,0,0.07,0.73
2832,Final Fantasy XIV: A Realm Reborn,PS4,2014,Role-Playing,Square Enix,0.32,0.22,0.08,0.1,0.72
2864,Dragon Quest Heroes: The World's Tree Woe and the Blight Below,PS4,2015,Action,Square Enix,0.16,0.13,0.37,0.06,0.71
2870,Persona Q: Shadow of the Labyrinth,3DS,2014,Role-Playing,Nippon Ichi Software,0.33,0.07,0.27,0.04,0.71
2877,Final Fantasy X/X-2 HD Remaster,PS4,2015,Role-Playing,Square Enix,0.29,0.25,0.06,0.11,0.71
2896,Metal Gear Solid V: The Phantom Pain,XOne,2015,Action,Konami Digital Entertainment,0.37,0.26,0.01,0.06,0.71
2903,2014 FIFA World Cup Brazil,PS3,2014,Sports,Electronic Arts,0.15,0.39,0.01,0.16,0.71
2922,Skylanders: Trap Team,WiiU,2014,Action,Activision,0.39,0.25,0,0.06,0.7
2935,Metal Gear Solid V: The Phantom Pain,PS3,2015,Action,Konami Digital Entertainment,0.21,0.18,0.22,0.08,0.7
2943,WWE 2K15,X360,2014,Sports,Take-Two Interactive,0.38,0.26,0,0.06,0.69
2944,The LEGO Movie Videogame,3DS,2014,Action,Warner Bros. Interactive Entertainment,0.28,0.31,0.05,0.05,0.69
2952,Minecraft: Story Mode,PS3,2015,Adventure,Mojang,0.25,0.33,0,0.11,0.69
2955,Skylanders: Trap Team,PS3,2014,Action,Activision,0.24,0.33,0,0.12,0.69
2967,Nintendo Presents: New Style Boutique 2 - Fashion Forward,3DS,2015,Misc,Nintendo,0.01,0.61,0.02,0.04,0.69
2974,Plants vs. Zombies: Garden Warfare,XOne,2014,Shooter,Electronic Arts,0.39,0.23,0,0.06,0.68
2981,Disney Infinity 3.0,PS4,2015,Action,Disney Interactive Studios,0.21,0.36,0,0.11,0.68
2989,Metro: Last Light,PS4,2014,Action,Deep Silver,0.22,0.3,0.04,0.12,0.68
2992,Sniper Elite 3,PS4,2014,Shooter,505 Games,0.22,0.33,0,0.13,0.68
2993,Doom (2016),XOne,2016,Shooter,Bethesda Softworks,0.39,0.23,0,0.06,0.68
2996,Need for Speed (2015),XOne,2015,Racing,Electronic Arts,0.3,0.33,0,0.06,0.68
3020,Wolfenstein: The New Order,XOne,2014,Shooter,Bethesda Softworks,0.33,0.28,0,0.06,0.67
3028,The Witcher 3: Wild Hunt,PC,2015,Role-Playing,Namco Bandai Games,0.2,0.42,0,0.05,0.67
3030,The LEGO Movie Videogame,PS4,2014,Action,Warner Bros. Interactive Entertainment,0.24,0.31,0.01,0.11,0.67
3037,Minecraft: Story Mode,PS4,2015,Adventure,Mojang,0.23,0.33,0,0.11,0.67
3049,Borderlands: The Pre-Sequel,PS3,2014,Shooter,Take-Two Interactive,0.25,0.26,0.05,0.11,0.67
3056,The LEGO Movie Videogame,WiiU,2014,Action,Warner Bros. Interactive Entertainment,0.35,0.23,0.03,0.06,0.66
3093,F1 2015,PS4,2015,Racing,Codemasters,0.09,0.44,0.03,0.09,0.66
3096,Disney Infinity 2.0: Marvel Super Heroes,WiiU,2014,Action,Disney Interactive Studios,0.38,0.22,0,0.06,0.65
3100,The Evil Within,XOne,2014,Action,Bethesda Softworks,0.35,0.25,0,0.05,0.65
3113,MLB 14: The Show,PS4,2014,Sports,Sony Computer Entertainment America,0.58,0,0,0.07,0.65
3130,Dragon Age: Inquisition,PS3,2014,Role-Playing,Electronic Arts,0.26,0.23,0.05,0.1,0.65
3138,Diablo III,XOne,2014,Role-Playing,Activision,0.35,0.24,0,0.05,0.64
3147,NBA 2K17,XOne,2016,Sports,Take-Two Interactive,0.54,0.04,0,0.07,0.64
3151,LEGO Marvel's Avengers,PS4,2016,Action,Warner Bros. Interactive Entertainment,0.25,0.29,0,0.1,0.64
3174,LEGO Dimensions,PS4,2015,Action,Warner Bros. Interactive Entertainment,0.22,0.32,0,0.1,0.64
3183,Middle-Earth: Shadow of Mordor,PS3,2014,Action,Warner Bros. Interactive Entertainment,0.2,0.33,0.01,0.1,0.64
3189,Just Dance 2015,X360,2014,Misc,Ubisoft,0.41,0.16,0,0.06,0.63
3214,God of War III,PS4,2015,Action,Sony Computer Entertainment,0.23,0.29,0.01,0.1,0.63
3221,The Crew,XOne,2014,Racing,Ubisoft,0.24,0.34,0,0.05,0.63
3233,LEGO Jurassic World,XOne,2015,Action,Warner Bros. Interactive Entertainment,0.35,0.22,0,0.06,0.63
3249,Far Cry 4,PC,2014,Shooter,Ubisoft,0.15,0.42,0,0.05,0.62
3253,Pro Evolution Soccer 2015,PS3,2014,Sports,Konami Digital Entertainment,0.1,0.23,0.22,0.08,0.62
3254,Evolve,XOne,2015,Shooter,Take-Two Interactive,0.36,0.2,0,0.06,0.62
3267,Metal Gear Solid V: Ground Zeroes,PS3,2014,Action,Konami Digital Entertainment,0.14,0.14,0.27,0.06,0.62
3275,Rocksmith 2014,PS4,2014,Misc,Ubisoft,0.34,0.17,0,0.11,0.62
3288,NHL 16,PS4,2015,Sports,Electronic Arts,0.35,0.15,0,0.11,0.61
3289,Plants vs. Zombies: Garden Warfare,PS4,2014,Shooter,Electronic Arts,0.21,0.29,0.01,0.11,0.61
3351,LEGO Jurassic World,3DS,2015,Action,Warner Bros. Interactive Entertainment,0.31,0.22,0.03,0.05,0.6
3353,LEGO The Hobbit,PS4,2014,Action,Warner Bros. Interactive Entertainment,0.12,0.37,0,0.1,0.6
3361,Tomb Raider (2013),XOne,2014,Action,Square Enix,0.34,0.21,0,0.05,0.6
3378,Disney Infinity 2.0: Marvel Super Heroes,PS4,2014,Action,Disney Interactive Studios,0.26,0.24,0,0.1,0.6
3421,Tales of Zestiria,PS3,2015,Role-Playing,Namco Bandai Games,0.05,0.09,0.42,0.03,0.59
3430,Dark Souls II,PS4,2015,Role-Playing,Namco Bandai Games,0.2,0.22,0.08,0.08,0.59
3444,Just Dance 2016,WiiU,2015,Misc,Ubisoft,0.28,0.25,0,0.05,0.58
3448,NHL 15,PS4,2014,Sports,Electronic Arts,0.3,0.18,0,0.1,0.58
3456,Kinect Sports Rivals,XOne,2014,Sports,Microsoft Game Studios,0.3,0.22,0.02,0.04,0.58
3458,WWE 2K16,XOne,2015,Sports,Take-Two Interactive,0.31,0.22,0,0.05,0.58
3459,Titanfall,PC,2014,Shooter,Electronic Arts,0.21,0.3,0,0.07,0.58
3485,WWE 2K16,PS3,2015,Sports,Take-Two Interactive,0.21,0.27,0,0.09,0.58
3560,LEGO Dimensions,X360,2015,Action,Warner Bros. Interactive Entertainment,0.24,0.28,0,0.05,0.56
3595,Xenoblade Chronicles,3DS,2015,Role-Playing,Nintendo,0.26,0.14,0.12,0.04,0.56
3615,WWE 2K15,XOne,2014,Sports,Take-Two Interactive,0.28,0.23,0,0.04,0.56
3630,Dragon Ball: XenoVerse,PS3,2015,Fighting,Namco Bandai Games,0.15,0.2,0.14,0.07,0.55
3633,Dragon Age: Inquisition,X360,2014,Role-Playing,Electronic Arts,0.35,0.16,0,0.05,0.55
3658,Assassin's Creed: Unity,PC,2014,Action,Ubisoft,0.17,0.33,0,0.05,0.55
3666,The Amazing Spider-Man 2 (2014),PS4,2014,Action,Activision,0.2,0.25,0.02,0.09,0.55
3689,LEGO The Hobbit,PS3,2014,Action,Warner Bros. Interactive Entertainment,0.12,0.32,0,0.1,0.54
3709,LEGO Dimensions,PS3,2015,Action,Warner Bros. Interactive Entertainment,0.15,0.3,0,0.09,0.54
3712,Minecraft: Story Mode,XOne,2015,Adventure,Mojang,0.29,0.21,0,0.05,0.54
3713,Resident Evil: Revelations 2,PS4,2015,Action,Capcom,0.13,0.24,0.1,0.07,0.54
3731,Middle-Earth: Shadow of Mordor,X360,2014,Action,Warner Bros. Interactive Entertainment,0.28,0.21,0,0.05,0.54
3748,Lego Star Wars: The Force Awakens,PS4,2016,Action,Warner Bros. Interactive Entertainment,0.14,0.32,0,0.08,0.54
3757,Star Wars Battlefront (2015),PC,2015,Shooter,Electronic Arts,0.13,0.37,0,0.04,0.54
3780,LEGO Jurassic World,WiiU,2015,Action,Warner Bros. Interactive Entertainment,0.28,0.19,0.02,0.04,0.53
3787,Kirby and the Rainbow Curse,WiiU,2015,Platform,Nintendo,0.23,0.14,0.12,0.04,0.53
3818,Just Dance 2015,XOne,2014,Misc,Ubisoft,0.35,0.13,0,0.05,0.53
3848,Final Fantasy Explorers,3DS,2014,Role-Playing,Square Enix,0.15,0.07,0.28,0.02,0.52
3884,The LEGO Movie Videogame,XOne,2014,Action,Warner Bros. Interactive Entertainment,0.34,0.13,0,0.04,0.51
3890,StarCraft II: Legacy of the Void,PC,2015,Strategy,Activision,0.18,0.29,0,0.04,0.51
3894,Lords of the Fallen,PS4,2014,Role-Playing,Square Enix,0.17,0.23,0.02,0.09,0.51
3924,LEGO Dimensions,WiiU,2015,Action,Warner Bros. Interactive Entertainment,0.3,0.16,0,0.05,0.51
3929,Quantum Break,XOne,2016,Action,Microsoft Game Studios,0.27,0.19,0.01,0.04,0.51
3935,Rory McIlroy PGA Tour,PS4,2015,Action,Electronic Arts,0.18,0.24,0,0.08,0.51
3944,Guitar Hero Live,XOne,2015,Misc,Activision,0.29,0.17,0,0.05,0.51
3945,Wolfenstein: The New Order,PS3,2014,Shooter,Bethesda Softworks,0.14,0.25,0.02,0.09,0.51
3971,WWE 2K16,X360,2015,Sports,Take-Two Interactive,0.27,0.19,0,0.04,0.5
3972,LEGO The Hobbit,X360,2014,Action,Warner Bros. Interactive Entertainment,0.2,0.26,0,0.04,0.5
3997,Alien: Isolation,XOne,2014,Shooter,Sega,0.22,0.24,0,0.04,0.5
4014,The Evil Within,X360,2014,Action,Bethesda Softworks,0.25,0.2,0.01,0.04,0.5
4029,Lego Batman 3: Beyond Gotham,PSV,2014,Action,Warner Bros. Interactive Entertainment,0.09,0.29,0,0.11,0.49
4046,Pokemon Art Academy,3DS,2014,Misc,Nintendo,0.18,0.12,0.16,0.03,0.49
4067,F1 2014,PS3,2014,Racing,Codemasters,0.07,0.31,0.02,0.08,0.49
4079,Battlefield: Hardline,PS3,2015,Shooter,Electronic Arts,0.12,0.23,0.07,0.07,0.49
4093,Mario Golf: World Tour,3DS,2014,Sports,Nintendo,0.15,0.14,0.17,0.03,0.48
4109,World of Warcraft: Warlords of Draenor,PC,2014,Action,Activision Blizzard,0.08,0.36,0,0.04,0.48
4124,Football Manager 2015,PC,2014,Simulation,Sega,0,0.43,0,0.05,0.48
4127,Skylanders: SuperChargers,WiiU,2015,Action,Activision,0.25,0.18,0,0.04,0.48
4137,Fable,X360,2014,Role-Playing,Microsoft Game Studios,0.25,0.19,0.01,0.04,0.48
4152,Bravely Second: End Layer,3DS,2015,Role-Playing,Nintendo,0.16,0.11,0.18,0.03,0.47
4165,Naruto Shippuden: Ultimate Ninja Storm Revolution,PS3,2014,Fighting,Namco Bandai Games,0.15,0.16,0.09,0.08,0.47
4170,2014 FIFA World Cup Brazil,X360,2014,Sports,Electronic Arts,0.14,0.28,0,0.04,0.47
4175,Lego Batman 3: Beyond Gotham,WiiU,2014,Action,Warner Bros. Interactive Entertainment,0.23,0.21,0,0.04,0.47
4186,Disney Infinity 3.0,PS3,2015,Action,Disney Interactive Studios,0.14,0.25,0,0.08,0.47
4202,NHL 16,XOne,2015,Sports,Electronic Arts,0.37,0.05,0,0.05,0.47
4212,NHL 15,X360,2014,Sports,Electronic Arts,0.35,0.07,0,0.04,0.47
4246,Wolfenstein: The New Order,PC,2014,Shooter,Bethesda Softworks,0.12,0.29,0,0.05,0.46
4263,Mario & Sonic at the Rio 2016 Olympic Games,3DS,2016,Action,Nintendo,0.04,0.16,0.24,0.01,0.46
4268,EA Sports UFC,XOne,2014,Sports,Electronic Arts,0.3,0.12,0,0.04,0.46
4275,Farming Simulator 2015,PS3,2015,Simulation,Koch Media,0.11,0.28,0,0.07,0.46
4279,Mad Max (2015),XOne,2015,Action,Warner Bros. Interactive Entertainment,0.26,0.16,0,0.04,0.46
4285,Skylanders: SuperChargers,X360,2015,Action,Activision,0.24,0.18,0,0.04,0.46
4289,Sword Art Online: Lost Song,PSV,2015,Role-Playing,Namco Bandai Games,0.08,0.1,0.23,0.05,0.46
4301,Puzzle & Dragons Z + Super Mario Bros. Edition,3DS,2015,Puzzle,Nintendo,0.05,0.05,0.34,0.01,0.46
4309,Persona 4: Dancing All Night,PSV,2015,Misc,Nippon Ichi Software,0.13,0.1,0.15,0.07,0.46
4311,Thief (2014),XOne,2014,Action,Square Enix,0.26,0.15,0,0.04,0.45
4316,Lego Batman 3: Beyond Gotham,3DS,2014,Action,Warner Bros. Interactive Entertainment,0.21,0.21,0,0.04,0.45
4319,The Walking Dead: Season One,PS4,2014,Adventure,Telltale Games,0.12,0.25,0.01,0.08,0.45
4335,Watch Dogs,PC,2014,Action,Ubisoft,0.14,0.26,0,0.05,0.45
4352,Plants vs. Zombies: Garden Warfare 2,PS4,2016,Shooter,Electronic Arts,0.17,0.21,0,0.07,0.45
4354,Pro Evolution Soccer 2016,PS3,2015,Sports,Konami Digital Entertainment,0.08,0.18,0.15,0.05,0.45
4363,One Piece: Pirate Warriors 3,PS4,2015,Action,Namco Bandai Games,0.08,0.22,0.1,0.05,0.45
4370,FIFA 15,3DS,2014,Sports,Electronic Arts,0.09,0.33,0,0.03,0.45
4402,Mario Tennis Ultra Smash,WiiU,2015,Sports,Nintendo,0.13,0.16,0.13,0.03,0.45
4419,Disney Infinity 3.0,X360,2015,Action,Disney Interactive Studios,0.19,0.21,0,0.04,0.44
4422,Disney Infinity 3.0,WiiU,2015,Action,Disney Interactive Studios,0.2,0.21,0,0.04,0.44
4432,Plants vs. Zombies: Garden Warfare 2,XOne,2016,Shooter,Electronic Arts,0.26,0.15,0,0.04,0.44
4507,Trials Fusion,PS4,2014,Racing,Ubisoft,0.13,0.21,0.01,0.08,0.43
4511,Overwatch,PC,2016,Shooter,Activision,0.22,0.18,0,0.04,0.43
4512,Rock Band 4,XOne,2015,Misc,Harmonix Music Systems,0.35,0.04,0,0.04,0.43
4515,Minecraft,WiiU,2016,Misc,Microsoft Game Studios,0.18,0.09,0.14,0.03,0.43
4517,Sleeping Dogs,PS4,2014,Action,Square Enix,0.16,0.2,0,0.07,0.43
4551,Lego Batman 3: Beyond Gotham,XOne,2014,Action,Warner Bros. Interactive Entertainment,0.23,0.17,0,0.04,0.43
4564,Skylanders: Trap Team,PS4,2014,Action,Activision,0.18,0.17,0,0.07,0.43
4630,Wolfenstein: The Old Blood,PS4,2015,Action,Bethesda Softworks,0.09,0.25,0.02,0.06,0.42
4632,Disney Infinity 2.0: Marvel Super Heroes,XOne,2014,Action,Disney Interactive Studios,0.24,0.15,0,0.03,0.42
4659,Animal Crossing: Amiibo Festival,WiiU,2015,Misc,Nintendo,0.19,0.11,0.09,0.03,0.42
4660,Hyrule Warriors,3DS,2016,Action,Nintendo,0.16,0.12,0.11,0.03,0.42
4700,Destiny: The Taken King,PS3,2015,Shooter,Activision,0.16,0.17,0.02,0.06,0.41
4704,Wolfenstein: The New Order,X360,2014,Shooter,Bethesda Softworks,0.18,0.19,0,0.04,0.41
4706,Farming Simulator 2015,X360,2015,Simulation,Koch Media,0.21,0.16,0,0.04,0.41
4719,LEGO Jurassic World,PSV,2015,Action,Warner Bros. Interactive Entertainment,0.09,0.23,0,0.09,0.41
4734,The LEGO Movie Videogame,PSV,2014,Action,Warner Bros. Interactive Entertainment,0.05,0.26,0,0.09,0.41
4742,Call of Duty: Advanced Warfare,PC,2014,Shooter,Activision,0.14,0.23,0,0.04,0.41
4771,Borderlands: The Handsome Collection,XOne,2015,Shooter,Take-Two Interactive,0.24,0.13,0,0.04,0.41
4784,Story of Seasons,3DS,2014,Simulation,Nintendo,0,0.13,0.26,0.01,0.4
4788,Hatsune Miku: Project Diva F 2nd,PSV,2014,Misc,Sega,0.13,0.06,0.16,0.06,0.4
4802,Thief (2014),PS3,2014,Action,Square Enix,0.1,0.2,0.02,0.08,0.4
4816,Rocksmith 2014,XOne,2014,Misc,Ubisoft,0.29,0.08,0,0.04,0.4
4818,NHL 15,XOne,2014,Sports,Electronic Arts,0.31,0.06,0,0.03,0.4
4822,EA Sports UFC 2,XOne,2016,Sports,Electronic Arts,0.23,0.14,0,0.04,0.4
4854,Wii Sports Club,WiiU,2014,Sports,Nintendo,0.19,0.14,0.04,0.03,0.4
4874,Rise of the Tomb Raider,X360,2015,Adventure,Square Enix,0.17,0.19,0,0.03,0.4
4886,Skylanders: SuperChargers,PS3,2015,Action,Activision,0.15,0.18,0,0.06,0.39
4930,MLB 15: The Show,PS3,2015,Sports,Sony Computer Entertainment,0.3,0.01,0,0.07,0.39
4961,MLB 14: The Show,PS3,2014,Sports,Sony Computer Entertainment America,0.35,0,0,0.04,0.39
4977,Saints Row IV,PS4,2015,Action,Deep Silver,0.13,0.17,0.03,0.06,0.38
5004,Destiny: The Taken King,X360,2015,Shooter,Activision,0.22,0.12,0,0.03,0.38
5015,NHL 15,PS3,2014,Sports,Electronic Arts,0.21,0.11,0,0.06,0.38
5017,Forza Horizon 3,XOne,2016,Racing,Microsoft Game Studios,0.15,0.2,0,0.03,0.38
5026,Tales of Zestiria,PS4,2015,Role-Playing,Namco Bandai Games,0.16,0.15,0.02,0.06,0.38
5058,FIFA 17,PS3,2016,Sports,Electronic Arts,0.02,0.29,0.01,0.05,0.38
5060,Just Dance 2015,PS4,2014,Misc,Ubisoft,0.19,0.13,0,0.06,0.38
5089,Alien: Isolation,PS3,2014,Shooter,Sega,0.12,0.19,0,0.07,0.37
5098,Life is Strange,PS4,2016,Adventure,Square Enix,0.14,0.15,0.03,0.06,0.37
5106,Tom Clancy's The Division,PC,2016,Shooter,Ubisoft,0.2,0.14,0,0.03,0.37
5109,LEGO Dimensions,XOne,2015,Action,Warner Bros. Interactive Entertainment,0.21,0.13,0,0.03,0.37
5141,Dishonored,PS4,2015,Action,Bethesda Softworks,0.11,0.18,0.02,0.06,0.37
5147,Theatrhythm Final Fantasy: Curtain Call,3DS,2014,Misc,Square Enix,0.13,0.08,0.15,0.02,0.37
5152,Sid Meier's Civilization: Beyond Earth,PC,2014,Strategy,Take-Two Interactive,0.11,0.22,0,0.03,0.37
5159,Rock Band 4,PS4,2015,Misc,Harmonix Music Systems,0.25,0.05,0,0.07,0.37
5174,Resident Evil Zero,PS4,2016,Action,Capcom,0.09,0.17,0.05,0.05,0.36
5217,Middle-Earth: Shadow of Mordor,PC,2014,Action,Warner Bros. Interactive Entertainment,0.12,0.2,0,0.04,0.36
5228,Just Dance 2016,X360,2015,Misc,Ubisoft,0.23,0.1,0,0.03,0.36
5270,Dark Souls III,XOne,2016,Role-Playing,Namco Bandai Games,0.23,0.09,0,0.03,0.35
5289,Fossil Fighters: Frontier,3DS,2014,Role-Playing,Nintendo,0.08,0.04,0.23,0.01,0.35
5290,Star Fox: Zero,WiiU,2016,Shooter,Nintendo,0.16,0.1,0.07,0.03,0.35
5334,Farming Simulator 2015,PS4,2015,Simulation,Koch Media,0.1,0.2,0,0.05,0.35
5347,Just Dance 2016,PS4,2015,Misc,Ubisoft,0.16,0.13,0,0.06,0.35
5364,Skylanders: Trap Team,XOne,2014,Action,Activision,0.25,0.07,0,0.03,0.34
5385,LEGO Marvel's Avengers,X360,2016,Action,Warner Bros. Interactive Entertainment,0.17,0.15,0,0.03,0.34
5411,Rayman Legends,XOne,2014,Platform,Ubisoft,0.13,0.18,0,0.03,0.34
5437,Battlefield: Hardline,X360,2015,Shooter,Electronic Arts,0.17,0.14,0,0.03,0.34
5484,Dead or Alive 5,PS4,2015,Fighting,Tecmo Koei,0.09,0.13,0.08,0.04,0.33
5490,Sonic Boom: Rise of Lyric,WiiU,2014,Action,Sega,0.21,0.09,0,0.03,0.33
5501,Deus Ex: Mankind Divided,PS4,2016,Role-Playing,Square Enix,0.1,0.18,0,0.05,0.33
5504,Dragon Ball Z: Battle of Z,PS3,2014,Fighting,Namco Bandai Games,0.1,0.11,0.06,0.05,0.33
5556,Dragon Ball Z: Extreme Butoden,3DS,2015,Fighting,Namco Bandai Games,0.12,0.03,0.16,0.02,0.33
5558,Sniper Elite 3,XOne,2014,Shooter,505 Games,0.19,0.11,0,0.03,0.33
5574,God of War Collection,PSV,2014,Action,Sony Computer Entertainment,0.14,0.1,0.01,0.07,0.33
5579,J Stars Victory Vs.,PS3,2014,Fighting,Namco Bandai Games,0.04,0.06,0.2,0.02,0.32
5587,Resident Evil: Revelations 2,PS3,2015,Action,Capcom,0.06,0.08,0.16,0.03,0.32
5597,LEGO Marvel's Avengers,XOne,2016,Action,Warner Bros. Interactive Entertainment,0.18,0.11,0,0.03,0.32
5615,Murdered: Soul Suspect,PS4,2014,Action,Square Enix,0.09,0.16,0.02,0.05,0.32
5618,Sniper Elite 3,X360,2014,Shooter,505 Games,0.16,0.14,0,0.03,0.32
5623,TrackMania Turbo,PS4,2016,Action,Ubisoft,0.03,0.24,0,0.05,0.32
5635,DiRT Rally,PS4,2016,Racing,Codemasters,0.03,0.24,0,0.05,0.32
5663,Mirror's Edge Catalyst,PS4,2016,Platform,Electronic Arts,0.1,0.14,0.02,0.06,0.32
5693,Just Dance 2016,XOne,2015,Misc,Ubisoft,0.24,0.04,0,0.03,0.32
5698,LEGO Marvel's Avengers,PS3,2016,Action,Warner Bros. Interactive Entertainment,0.1,0.17,0,0.05,0.32
5701,Dragon Ball: XenoVerse,XOne,2015,Fighting,Namco Bandai Games,0.18,0.11,0,0.03,0.31
5715,Sniper Elite 3,PS3,2014,Shooter,505 Games,0.1,0.15,0,0.06,0.31
5727,Hatsune Miku: Project Mirai DX,3DS,2015,Misc,Sega,0.15,0.04,0.1,0.02,0.31
5731,Homefront: The Revolution,PS4,2016,Shooter,Deep Silver,0.05,0.19,0.03,0.04,0.31
5741,Metro: Last Light,XOne,2014,Action,Deep Silver,0.15,0.13,0,0.03,0.31
5761,Football Manager 2016,PC,2015,Simulation,Sega,0,0.29,0,0.02,0.31
5764,Disney Infinity 3.0,XOne,2015,Action,Disney Interactive Studios,0.18,0.1,0,0.03,0.31
5828,One Piece: Unlimited World Red,PS3,2014,Action,Namco Bandai Games,0.09,0.12,0.06,0.05,0.3
5829,Alien: Isolation,X360,2014,Shooter,Sega,0.15,0.13,0,0.03,0.3
5842,NES Remix,WiiU,2014,Action,Nintendo,0.2,0,0.08,0.02,0.3
5874,DmC: Devil May Cry,PS4,2015,Action,Capcom,0.12,0.13,0,0.05,0.3
5878,Dynasty Warriors 8: Xtreme Legends,PS4,2014,Action,Tecmo Koei,0.09,0.11,0.06,0.04,0.3
5879,Toukiden Kiwami,PSV,2014,Action,Tecmo Koei,0.05,0.05,0.17,0.03,0.3
5884,Tropico 5,PS4,2015,Simulation,Kalypso Media,0.05,0.16,0.05,0.04,0.3
5893,Skylanders: SuperChargers,PS4,2015,Action,Activision,0.17,0.08,0,0.05,0.3
5913,FIFA 15,PC,2014,Sports,Electronic Arts,0,0.27,0,0.03,0.3
5924,Star Ocean 5: Integrity and Faithlessness,PS4,2016,Role-Playing,Square Enix,0.06,0.07,0.14,0.02,0.3
5955,Thief (2014),X360,2014,Action,Square Enix,0.14,0.13,0,0.03,0.3
5973,Soul Sacrifice Delta,PSV,2014,Action,Sony Computer Entertainment,0.01,0.12,0.12,0.04,0.29
5978,The Amazing Spider-Man 2 (2014),PS3,2014,Action,Activision,0.06,0.16,0.02,0.05,0.29
6045,Sonic Boom: Shattered Crystal,3DS,2014,Action,Sega,0.17,0.09,0,0.03,0.29
6051,One Piece: Pirate Warriors 3,PS3,2015,Action,Namco Bandai Games,0,0.09,0.19,0.01,0.29
6073,Borderlands: The Pre-Sequel,PC,2014,Shooter,Take-Two Interactive,0.11,0.15,0,0.03,0.29
6089,World of Warcraft: Legion,PC,2016,Role-Playing,Activision,0.14,0.12,0,0.02,0.29
6120,Metal Gear Solid V: Ground Zeroes,XOne,2014,Action,Konami Digital Entertainment,0.15,0.11,0,0.02,0.28
6126,One Piece: Burning Blood,PS4,2016,Fighting,Namco Bandai Games,0.1,0.08,0.07,0.04,0.28
6138,Pro Evolution Soccer 2017,PS4,2016,Sports,Konami Digital Entertainment,0.01,0.16,0.09,0.03,0.28
6159,Naruto Shippuden: Ultimate Ninja Storm 4,XOne,2016,Fighting,Namco Bandai Games,0.19,0.06,0,0.03,0.28
6177,Guitar Hero Live,PS3,2015,Misc,Activision,0.09,0.14,0,0.05,0.28
6201,Just Dance 2015,PS3,2014,Misc,Ubisoft,0.12,0.11,0,0.05,0.28
6207,UEFA Euro 2016,PS4,2016,Sports,Konami Digital Entertainment,0,0.21,0.03,0.03,0.28
6212,Danganronpa Another Episode: Ultra Despair Girls,PSV,2014,Action,Nippon Ichi Software,0.1,0.03,0.12,0.04,0.28
6261,Deadpool,PS4,2015,Action,Activision,0.13,0.1,0,0.05,0.28
6268,How to Train Your Dragon 2,Wii,2014,Adventure,Little Orbit,0.05,0.2,0,0.02,0.27
6293,Divinity: Original Sin,PS4,2015,Role-Playing,Focus Home Interactive,0.09,0.12,0.02,0.04,0.27
6300,The Evil Within,PC,2014,Action,Bethesda Softworks,0.09,0.16,0,0.02,0.27
6327,Disgaea 5: Alliance of Vengeance,PS4,2015,Role-Playing,Nippon Ichi Software,0.1,0.08,0.06,0.04,0.27
6336,Sherlock Holmes: Crimes & Punishments,PS4,2014,Adventure,Focus Home Interactive,0.08,0.14,0,0.05,0.27
6364,LEGO The Hobbit,XOne,2014,Action,Warner Bros. Interactive Entertainment,0.13,0.12,0,0.02,0.27
6375,Dragon Ball: XenoVerse,X360,2015,Fighting,Namco Bandai Games,0.16,0.08,0,0.02,0.27
6382,F1 2016 (Codemasters),PS4,2016,Racing,Codemasters,0.01,0.21,0.01,0.04,0.27
6408,Payday 2,PS4,2015,Shooter,505 Games,0.09,0.14,0,0.04,0.27
6409,Ultimate NES Remix,3DS,2014,Action,Unknown,0.15,0.09,0,0.02,0.27
6413,Teenage Mutant Ninja Turtles: Danger of the Ooze,PS3,2014,Adventure,Activision,0.11,0.11,0,0.05,0.27
6428,Rory McIlroy PGA Tour,XOne,2015,Action,Electronic Arts,0.15,0.09,0,0.02,0.27
6447,The Crew,X360,2014,Racing,Ubisoft,0.06,0.18,0,0.02,0.26
6461,Danganronpa 2: Goodbye Despair,PSV,2014,Misc,Nippon Ichi Software,0.13,0.07,0,0.06,0.26
6467,Skylanders: SuperChargers,Wii,2015,Action,Activision,0.05,0.19,0,0.02,0.26
6473,J Stars Victory Vs.,PSV,2014,Fighting,Namco Bandai Games,0,0.07,0.17,0.02,0.26
6510,Skylanders: Trap Team,3DS,2014,Action,Activision,0.14,0.1,0,0.02,0.26
6538,The Amazing Spider-Man 2 (2014),X360,2014,Action,Activision,0.1,0.14,0,0.02,0.26
6555,F1 2014,X360,2014,Racing,Codemasters,0.08,0.15,0,0.02,0.26
6590,Mario & Sonic at the Rio 2016 Olympic Games,WiiU,2016,Action,Nintendo,0.03,0.11,0.1,0.01,0.26
6620,Tearaway Unfolded,PS4,2015,Platform,Sony Computer Entertainment,0.09,0.12,0,0.04,0.25
6632,Hatsune Miku: Project Diva F 2nd,PS3,2014,Misc,Sega,0.09,0.04,0.1,0.03,0.25
6695,J Stars Victory Vs.,PS4,2015,Fighting,Namco Bandai Games,0.07,0.14,0,0.04,0.25
6703,Final Fantasy Type-0,XOne,2015,Role-Playing,Square Enix,0.15,0.07,0,0.02,0.25
6712,The Legend of Legacy,3DS,2015,Role-Playing,FuRyu,0.11,0.02,0.1,0.01,0.25
6745,Anno 2205,PC,2015,Strategy,Ubisoft,0.02,0.22,0,0.01,0.25
6766,How to Train Your Dragon 2,3DS,2014,Adventure,Little Orbit,0.04,0.19,0,0.02,0.25
6780,Trials Fusion,XOne,2014,Racing,Ubisoft,0.12,0.1,0,0.02,0.24
6781,LEGO Ninjago: Shadow of Ronin,PSV,2015,Action,Warner Bros. Interactive Entertainment,0.03,0.16,0,0.05,0.24
6795,Corpse Party: Blood Drive,PSV,2014,Adventure,Marvelous Interactive,0.11,0.03,0.06,0.05,0.24
6827,F1 2015,XOne,2015,Racing,Codemasters,0.08,0.15,0,0.02,0.24
6841,Stella Glow,3DS,2015,Role-Playing,Atlus,0.16,0.01,0.05,0.02,0.24
6892,LEGO The Hobbit,3DS,2014,Action,Warner Bros. Interactive Entertainment,0.09,0.13,0,0.02,0.24
6893,Samurai Warriors 4,PS4,2014,Action,Tecmo Koei,0.08,0.07,0.06,0.03,0.24
6902,Chibi-Robo! Zip Lash,3DS,2015,Platform,Nintendo,0.09,0.08,0.06,0.02,0.24
6912,Lego Star Wars: The Force Awakens,XOne,2016,Action,Warner Bros. Interactive Entertainment,0.12,0.1,0,0.02,0.24
6922,Guitar Hero Live,X360,2015,Misc,Activision,0.12,0.1,0,0.02,0.24
6925,Onechanbara Z2: Chaos,PS4,2014,Action,Nippon Ichi Software,0.13,0.02,0.04,0.04,0.24
6950,The Walking Dead: Season Two,PS4,2014,Adventure,Telltale Games,0.1,0.09,0.01,0.04,0.24
6957,LEGO Marvel's Avengers,WiiU,2016,Action,Warner Bros. Interactive Entertainment,0.12,0.09,0,0.02,0.23
6963,Etrian Mystery Dungeon,3DS,2015,Role-Playing,Nippon Ichi Software,0.09,0.01,0.12,0.01,0.23
6974,LEGO Marvel's Avengers,PSV,2016,Action,Warner Bros. Interactive Entertainment,0.07,0.11,0,0.05,0.23
6989,Total War: Attila,PC,2015,Strategy,Sega,0.09,0.13,0,0.02,0.23
7009,Sword Art Online: Lost Song,PS4,2015,Role-Playing,Namco Bandai Games,0.09,0.1,0,0.04,0.23
7021,Skylanders: SuperChargers,XOne,2015,Action,Activision,0.16,0.05,0,0.02,0.23
7027,LEGO The Hobbit,WiiU,2014,Action,Warner Bros. Interactive Entertainment,0.1,0.11,0,0.02,0.23
7042,Naruto Shippuden: Ultimate Ninja Storm Revolution,X360,2014,Fighting,Namco Bandai Games,0.13,0.08,0,0.02,0.23
7050,Project CARS,XOne,2015,Racing,Slightly Mad Studios,0.08,0.13,0,0.02,0.23
7052,Call of Duty: Black Ops 3,PC,2015,Shooter,Activision,0,0.22,0,0.01,0.23
7059,NBA Live 15,PS4,2014,Sports,Electronic Arts,0.15,0.04,0,0.04,0.23
7074,Rocket League,PS4,2016,Sports,505 Games,0.02,0.14,0,0.07,0.23
7126,Senran Kagura: Estival Versus,PSV,2015,Action,Marvelous Interactive,0.06,0.05,0.09,0.03,0.23
7163,Dark Souls II,XOne,2015,Role-Playing,Namco Bandai Games,0.13,0.07,0,0.02,0.22
7182,Battleborn,PS4,2016,Shooter,Take-Two Interactive,0.09,0.08,0.01,0.04,0.22
7204,Castlevania: Lords of Shadow 2,PS3,2014,Action,Konami Digital Entertainment,0.03,0.13,0.02,0.04,0.22
7213,Tom Clancy's Rainbow Six: Siege,PC,2015,Shooter,Ubisoft,0.12,0.08,0,0.02,0.22
7218,The Walking Dead: Season Two,PS3,2014,Adventure,Telltale Games,0.09,0.09,0,0.04,0.22
7224,Teenage Mutant Ninja Turtles: Danger of the Ooze,X360,2014,Adventure,Activision,0.11,0.09,0,0.02,0.22
7256,Transformers: Devastation,PS4,2015,Action,Activision,0.1,0.08,0,0.04,0.22
7260,Just Dance 2016,PS3,2015,Misc,Ubisoft,0.1,0.08,0,0.04,0.22
7270,Shin Megami Tensei x Fire Emblem,WiiU,2015,Role-Playing,Nintendo,0.1,0.04,0.06,0.01,0.22
7282,Darksiders II,PS4,2015,Action,Nordic Games,0.09,0.1,0,0.04,0.22
7292,Code Name: S.T.E.A.M.,3DS,2015,Strategy,Nintendo,0.14,0.05,0.01,0.02,0.22
7305,One Piece: Pirate Warriors 3,PSV,2015,Action,Namco Bandai Games,0,0.07,0.13,0.02,0.22
7311,Ride,PS4,2015,Racing,Milestone S.r.l.,0.03,0.13,0.03,0.03,0.22
7313,Lords of the Fallen,XOne,2014,Role-Playing,Square Enix,0.1,0.1,0,0.02,0.22
7341,The Amazing Spider-Man 2 (2014),XOne,2014,Action,Activision,0.12,0.07,0,0.02,0.21
7370,GRID Autosport,PS3,2014,Racing,Codemasters,0.05,0.11,0.01,0.04,0.21
7376,Metal Gear Solid V: The Phantom Pain,X360,2015,Action,Konami Digital Entertainment,0.12,0.08,0,0.02,0.21
7386,Transformer: Rise of the Dark Spark,PS4,2014,Action,Activision,0.07,0.1,0.01,0.04,0.21
7389,Senran Kagura 2: Deep Crimson,3DS,2014,Action,Marvelous Entertainment,0.09,0.03,0.08,0.01,0.21
7454,LEGO The Hobbit,PSV,2014,Action,Warner Bros. Interactive Entertainment,0.03,0.13,0,0.05,0.21
7455,Rayman Legends,PSV,2014,Platform,Ubisoft,0.03,0.12,0,0.05,0.21
7488,LEGO Ninjago: Shadow of Ronin,3DS,2015,Action,Warner Bros. Interactive Entertainment,0.05,0.1,0.04,0.01,0.21
7496,The Wolf Among Us,PS4,2014,Adventure,Telltale Games,0.1,0.07,0,0.03,0.21
7499,Attack on Titan (KOEI),PS4,2016,Action,Tecmo Koei,0.02,0.06,0.11,0.02,0.2
7511,NBA Live 15,XOne,2014,Sports,Electronic Arts,0.17,0.02,0,0.02,0.2
7540,Atelier Shallie: Alchemists of the Dusk Sea,PS3,2014,Role-Playing,Tecmo Koei,0.06,0.05,0.08,0.02,0.2
7550,State of Decay,XOne,2015,Strategy,Microsoft Game Studios,0.14,0.05,0,0.02,0.2
7563,Assassin's Creed Syndicate,PC,2015,Action,Ubisoft,0.1,0.08,0,0.02,0.2
7566,XCOM 2,PC,2016,Strategy,Take-Two Interactive,0.09,0.1,0,0.02,0.2
7577,NHL 17,PS4,2016,Sports,Electronic Arts,0.13,0.04,0,0.04,0.2
7609,Saints Row IV,XOne,2015,Action,Deep Silver,0.1,0.09,0,0.02,0.2
7634,Tony Hawk's Pro Skater 5,PS4,2015,Sports,Activision,0.09,0.08,0,0.03,0.2
7653,BioShock The Collection,PS4,2016,Shooter,Take-Two Interactive,0.05,0.11,0.01,0.03,0.2
7660,How to Train Your Dragon 2,X360,2014,Adventure,Little Orbit,0.05,0.13,0,0.02,0.2
7684,South Park: The Stick of Truth,PC,2014,Role-Playing,Ubisoft,0.07,0.1,0,0.02,0.2
7688,Sleeping Dogs,XOne,2014,Action,Square Enix,0.1,0.09,0,0.02,0.2
7723,Mega Man Legacy Collection,3DS,2016,Platform,Capcom,0.13,0,0.05,0.02,0.2
7731,Zombie Army Trilogy,PS4,2015,Shooter,Rebellion Developments,0.04,0.12,0,0.03,0.2
7749,Bound By Flame,PS4,2014,Role-Playing,Focus Home Interactive,0.07,0.08,0,0.04,0.19
7770,The Sims 4: Get Together,PC,2015,Simulation,Electronic Arts,0.05,0.13,0,0.01,0.19
7834,Farming Simulator 2015,XOne,2015,Simulation,Koch Media,0.1,0.07,0,0.02,0.19
7860,Hyperdevotion Noire: Goddess Black Heart,PSV,2014,Role-Playing,Idea Factory,0.08,0.02,0.06,0.03,0.19
7894,The Heavy Rain and Beyond: Two Souls Collection,PS4,2016,Action,Sony Computer Entertainment,0,0.16,0,0.03,0.19
7940,Singstar: Ultimate Party,PS4,2014,Misc,Sony Computer Entertainment Europe,0,0.16,0,0.03,0.19
8011,MotoGP 14,PS4,2014,Racing,Milestone S.r.l.,0.04,0.11,0,0.04,0.18
8027,Dynasty Warriors 8: Empires,PS4,2014,Action,Tecmo Koei,0.06,0.07,0.03,0.02,0.18
8029,Evolve,PC,2015,Shooter,Take-Two Interactive,0.07,0.1,0,0.01,0.18
8043,Shape Up,XOne,2014,Misc,Ubisoft,0.08,0.09,0,0.01,0.18
8065,LEGO Marvel's Avengers,3DS,2016,Action,Warner Bros. Interactive Entertainment,0.07,0.08,0.01,0.01,0.18
8076,Dungeon Travelers 2: The Royal Library & The Monster Seal,PSV,2014,Role-Playing,Atlus,0.07,0.03,0.05,0.03,0.18
8077,Dying Light,PC,2015,Action,Warner Bros. Interactive Entertainment,0.11,0.06,0,0.02,0.18
8083,Guilty Gear Xrd: Sign,PS3,2014,Fighting,Arc System Works,0.09,0,0.07,0.02,0.18
8086,Dengeki Bunko Fighting Climax,PSV,2014,Fighting,Sega,0.08,0,0.07,0.03,0.18
8089,Odin Sphere: Leifthrasir,PS4,2016,Role-Playing,Nippon Ichi Software,0.06,0.03,0.07,0.02,0.18
8106,Guitar Hero Live,WiiU,2015,Misc,Activision,0.12,0.04,0,0.02,0.18
8119,Dark Souls II,PC,2014,Role-Playing,Namco Bandai Games,0.08,0.08,0,0.02,0.18
8136,FIFA 16,PC,2015,Sports,Electronic Arts,0.04,0.13,0,0.01,0.18
8140,Doom (2016),PC,2016,Shooter,Bethesda Softworks,0.06,0.1,0,0.01,0.18
8145,Godzilla (2015),PS4,2014,Action,Namco Bandai Games,0.1,0.03,0.02,0.03,0.18
8160,Disgaea 4: A Promise Unforgotten,PSV,2014,Role-Playing,Nippon Ichi Software,0.04,0.04,0.08,0.02,0.18
8192,FIFA 17,X360,2016,Sports,Electronic Arts,0.03,0.13,0,0.01,0.18
8226,Hyperdimension Neptunia U: Action Unleashed,PSV,2014,Action,Idea Factory International,0.07,0.02,0.06,0.03,0.17
8234,Back to the Future: The Game,PS4,2015,Adventure,Telltale Games,0.1,0.04,0,0.03,0.17
8235,Project Spark,XOne,2014,Misc,Microsoft Game Studios,0.11,0.05,0,0.02,0.17
8282,One Piece: Unlimited World Red,PSV,2014,Action,Namco Bandai Games,0.06,0.04,0.04,0.03,0.17
8330,Transformer: Rise of the Dark Spark,X360,2014,Action,Activision,0.09,0.07,0,0.02,0.17
8356,NBA Live 16,PS4,2015,Sports,Electronic Arts,0.1,0.04,0,0.03,0.17
8379,MotoGP 15,PS4,2015,Racing,Milestone S.r.l.,0,0.12,0.03,0.02,0.17
8411,Valkyria Chronicles,PS4,2016,Role-Playing,Sega,0.06,0.04,0.05,0.02,0.17
8416,Toukiden Kiwami,PS4,2015,Action,Tecmo Koei,0.05,0.07,0.02,0.02,0.17
8430,Payday 2,XOne,2015,Shooter,505 Games,0.08,0.07,0,0.01,0.17
8433,NASCAR '15,X360,2015,Sports,Deep Silver,0.15,0,0,0.02,0.17
8445,Wildstar,PC,2014,Role-Playing,NCSoft,0.08,0.07,0,0.02,0.17
8450,Senran Kagura: Estival Versus,PS4,2015,Action,Marvelous Interactive,0.07,0,0.08,0.02,0.17
8456,Project X Zone 2: Brave New World,3DS,2015,Role-Playing,Namco Bandai Games,0.04,0.04,0.08,0.01,0.17
8468,MLB 16: The Show,PS3,2016,Action,Sony Computer Entertainment,0.13,0,0,0.03,0.16
8475,Ar Nosurge: Ode to an Unborn Star,PS3,2014,Role-Playing,Tecmo Koei,0.05,0.04,0.06,0.02,0.16
8529,Pro Evolution Soccer 2015,X360,2014,Sports,Konami Digital Entertainment,0.05,0.1,0,0.01,0.16
8530,Bladestorm: Nightmare,PS4,2015,Action,Tecmo Koei,0.07,0.04,0.03,0.02,0.16
8537,NASCAR '14,X360,2014,Racing,Deep Silver,0.15,0,0,0.01,0.16
8574,Murdered: Soul Suspect,XOne,2014,Action,Square Enix,0.08,0.07,0,0.01,0.16
8600,The Crew,PC,2014,Racing,Ubisoft,0,0.15,0,0.01,0.16
8634,Dengeki Bunko Fighting Climax,PS3,2014,Fighting,Sega,0.05,0,0.09,0.01,0.16
8675,Guilty Gear Xrd: Sign,PS4,2014,Fighting,Arc System Works,0.1,0,0.04,0.02,0.16
8694,The Walking Dead: Season One,XOne,2014,Adventure,Telltale Games,0.08,0.06,0,0.01,0.16
8749,Harvest Moon: The Lost Valley,3DS,2014,Simulation,Natsume,0.12,0.02,0,0.01,0.15
8753,NHL 17,XOne,2016,Sports,Electronic Arts,0.13,0.01,0,0.02,0.15
8755,Metal Gear Solid V: Ground Zeroes,X360,2014,Action,Konami Digital Entertainment,0.07,0.06,0.01,0.01,0.15
8767,Murdered: Soul Suspect,PS3,2014,Action,Square Enix,0.05,0.06,0.02,0.02,0.15
8770,Wolfenstein: The Old Blood,XOne,2015,Action,Bethesda Softworks,0.07,0.07,0,0.01,0.15
8845,Saint Seiya: Soldiers' Soul,PS4,2015,Fighting,Namco Bandai Games,0,0.09,0.04,0.02,0.15
8849,Fantasia: Music Evolved,XOne,2014,Misc,Disney Interactive Studios,0.11,0.03,0,0.01,0.15
8852,The Legend of Heroes: Trails of Cold Steel II,PSV,2014,Role-Playing,Nippon Ichi Software,0.02,0,0.13,0.01,0.15
8858,Return to PopoloCrois: A Story of Seasons Fairytale,3DS,2015,Simulation,Marvelous Entertainment,0.04,0,0.1,0.01,0.15
8862,Mirror's Edge Catalyst,XOne,2016,Platform,Electronic Arts,0.08,0.05,0,0.02,0.15
8874,Odin Sphere: Leifthrasir,PSV,2016,Role-Playing,Nippon Ichi Software,0.02,0.03,0.08,0.02,0.15
8908,Warriors Orochi 3,PS4,2014,Action,Tecmo Koei,0.04,0.05,0.04,0.02,0.15
8927,The Walking Dead: Season Two,PSV,2014,Adventure,Telltale Games,0.1,0,0.01,0.03,0.15
8947,Code:Realize - Sousei no Himegimi,PSV,2014,Adventure,Idea Factory,0.09,0,0.03,0.03,0.15
8949,Deus Ex: Mankind Divided,XOne,2016,Role-Playing,Square Enix,0.08,0.06,0,0.01,0.15
8962,Alien: Isolation,PC,2014,Shooter,Sega,0,0.13,0,0.01,0.15
9003,Deception IV: Blood Ties,PSV,2014,Action,Tecmo Koei,0.03,0.03,0.07,0.02,0.14
9011,Lost Dimension,PSV,2014,Role-Playing,Nippon Ichi Software,0.07,0.03,0.02,0.03,0.14
9034,Dishonored,XOne,2015,Action,Bethesda Softworks,0.08,0.05,0,0.01,0.14
9039,Disney Infinity 2.0: Marvel Super Heroes,PSV,2015,Action,Disney Interactive Studios,0,0.11,0,0.03,0.14
9114,Watch Dogs,WiiU,2014,Action,Ubisoft,0.08,0.05,0,0.01,0.14
9138,Just Cause 3,PC,2015,Action,Square Enix,0.03,0.11,0,0.01,0.14
9199,The Walking Dead: Season Two,XOne,2014,Adventure,Telltale Games,0.08,0.05,0,0.01,0.14
9232,Cities: Skylines,PC,2015,Simulation,Paradox Interactive,0,0.13,0,0.01,0.14
9252,Far Cry: Primal,PC,2016,Action,Ubisoft,0.04,0.09,0,0.01,0.14
9263,BlazBlue: Chrono Phantasma Extend,PS4,2015,Action,PQube,0.07,0.03,0.02,0.02,0.14
9266,Singstar: Ultimate Party,PS3,2014,Misc,Sony Computer Entertainment Europe,0,0.12,0,0.02,0.14
9290,MLB 14: The Show,PSV,2014,Sports,Sony Computer Entertainment America,0.11,0,0,0.02,0.14
9306,Battlefield: Hardline,PC,2015,Shooter,Electronic Arts,0,0.13,0,0.01,0.14
9315,Pro Evolution Soccer 2015,XOne,2014,Sports,Konami Digital Entertainment,0.02,0.1,0,0.01,0.14
9362,Shovel Knight,3DS,2015,Platform,Yacht Club Games,0.07,0.04,0.01,0.01,0.13
9371,Transformers: Devastation,XOne,2015,Action,Activision,0.09,0.03,0,0.01,0.13
9373,DmC: Devil May Cry,XOne,2015,Action,Capcom,0.08,0.04,0,0.01,0.13
9395,Rugby 15,PS3,2015,Sports,Bigben Interactive,0.02,0.09,0,0.02,0.13
9408,Teenage Mutant Ninja Turtles: Danger of the Ooze,3DS,2014,Adventure,Activision,0.08,0.04,0,0.01,0.13
9430,Resident Evil: Revelations 2,PSV,2015,Action,Capcom,0.01,0.05,0.06,0.01,0.13
9450,How to Train Your Dragon 2,PS3,2014,Adventure,Little Orbit,0.03,0.08,0,0.02,0.13
9473,Hasbro Family Fun Pack,XOne,2015,Misc,Ubisoft,0.1,0.02,0,0.01,0.13
9475,Under Night In-Birth,PS3,2014,Fighting,Nippon Ichi Software,0.06,0.02,0.04,0.02,0.13
9513,Brothers: A Tale of Two Sons,PS4,2015,Adventure,505 Games,0.03,0.08,0,0.02,0.13
9570,Pro Evolution Soccer 2016,X360,2015,Sports,Konami Digital Entertainment,0.04,0.08,0,0.01,0.13
9571,Batman: Arkham Knight,PC,2015,Action,Warner Bros. Interactive Entertainment,0.08,0.03,0,0.01,0.13
9578,Gravity Rush Remastered,PS4,2015,Action,Sony Computer Entertainment,0.02,0.05,0.04,0.01,0.13
9639,Operation Abyss: New Tokyo Legacy,PSV,2014,Role-Playing,Nippon Ichi Software,0.04,0.01,0.06,0.02,0.13
9640,Transformer: Rise of the Dark Spark,PS3,2014,Action,Activision,0.04,0.05,0.01,0.02,0.13
9648,Battleborn,XOne,2016,Shooter,Take-Two Interactive,0.08,0.04,0,0.01,0.13
9682,Lego Star Wars: The Force Awakens,PS3,2016,Action,Warner Bros. Interactive Entertainment,0.03,0.07,0,0.02,0.12
9702,Homefront: The Revolution,XOne,2016,Shooter,Deep Silver,0.05,0.07,0,0.01,0.12
9713,Rocket League,XOne,2016,Sports,505 Games,0.03,0.09,0,0.01,0.12
9729,Final Fantasy XIV: Heavensward,PS4,2015,Action,Square Enix,0,0.05,0.06,0.01,0.12
9737,Dragon Ball Z: Battle of Z,PSV,2014,Fighting,Namco Bandai Games,0,0.04,0.06,0.02,0.12
9748,MotoGP 14,PS3,2014,Racing,Milestone S.r.l.,0.04,0.06,0,0.02,0.12
9756,WRC 5: FIA World Rally Championship,PS3,2015,Sports,Bigben Interactive,0.02,0.09,0,0.02,0.12
9869,Sacred 3,PS3,2014,Role-Playing,Deep Silver,0.03,0.05,0.02,0.02,0.12
9880,7 Days to Die,PS4,2016,Action,Telltale Games,0.03,0.07,0,0.02,0.12
9892,The Walking Dead: Season Two,X360,2014,Adventure,Telltale Games,0.04,0.07,0,0.01,0.12
9902,Assassin's Creed Chronicles,PSV,2016,Action,Ubisoft,0.02,0.06,0.01,0.02,0.12
9904,Tropico 5,PC,2014,Simulation,Kalypso Media,0.02,0.08,0,0.01,0.12
9907,Rodea the Sky Soldier,WiiU,2015,Action,Nippon Ichi Software,0.08,0.02,0.01,0.01,0.12
9918,Don Bradman Cricket 14,PS4,2015,Sports,Tru Blu Entertainment,0.01,0.09,0,0.02,0.12
9920,MegaTagmension Blanc + Neptune VS Zombies,PSV,2015,Action,Idea Factory International,0.02,0.03,0.05,0.01,0.12
9926,Deception IV: Blood Ties,PS3,2014,Action,Tecmo Koei,0.02,0.02,0.06,0.01,0.12
9946,Makai Shin Trillion,PSV,2014,Role-Playing,Idea Factory,0.02,0.02,0.06,0.01,0.12
9958,Tokyo Twilight Ghost Hunters,PSV,2014,Role-Playing,Aksys Games,0.06,0.01,0.02,0.02,0.12
9959,Deadpool,XOne,2015,Action,Activision,0.08,0.03,0,0.01,0.12
9969,Hyperdimension Neptunia Re;Birth 3,PSV,2014,Action,Idea Factory International,0.07,0.01,0,0.03,0.12
9991,Sword Art Online: Hollow Fragment,PS4,2015,Role-Playing,Namco Bandai Games,0,0.1,0,0.02,0.12
9995,Dead Island Definitive Collection,PS4,2016,Action,Deep Silver,0.02,0.07,0.01,0.02,0.12
10031,Tony Hawk's Pro Skater 5,XOne,2015,Sports,Activision,0.08,0.02,0,0.01,0.11
10040,DiRT Rally,XOne,2016,Racing,Codemasters,0.03,0.08,0,0.01,0.11
10042,UEFA Euro 2016,PS3,2016,Sports,Konami Digital Entertainment,0,0.08,0.02,0.01,0.11
10049,Life is Strange,XOne,2016,Adventure,Square Enix,0.08,0.02,0,0.01,0.11
10088,Skylanders: SuperChargers,3DS,2015,Action,Activision,0.05,0.06,0,0.01,0.11
10100,Akiba's Trip: Undead & Undressed,PS4,2014,Action,Acquire,0.08,0,0.01,0.02,0.11
10114,Samurai Warriors 4-II,PS4,2015,Action,Tecmo Koei,0.03,0.02,0.06,0.01,0.11
10125,Pac-Man and the Ghostly Adventures 2,X360,2014,Adventure,Namco Bandai Games,0.05,0.05,0,0.01,0.11
10167,Project CARS,PC,2015,Racing,Slightly Mad Studios,0,0.1,0,0.01,0.11
10226,Thief (2014),PC,2014,Action,Square Enix,0,0.09,0,0.02,0.11
10228,Pac-Man and the Ghostly Adventures 2,PS3,2014,Adventure,Namco Bandai Games,0.05,0.04,0,0.02,0.11
10238,Transformers: Devastation,PS3,2015,Action,Activision,0.03,0.07,0,0.02,0.11
10266,One Piece: Burning Blood,PSV,2016,Fighting,Namco Bandai Games,0,0.03,0.07,0.01,0.11
10285,Digimon Story: Cyber Sleuth,PS4,2016,Role-Playing,Namco Bandai Games,0,0.09,0,0.02,0.11
10308,Murdered: Soul Suspect,X360,2014,Action,Square Enix,0.06,0.04,0,0.01,0.11
10312,Rugby 15,PS4,2015,Sports,Bigben Interactive,0.03,0.06,0,0.02,0.11
10331,Transformer: Rise of the Dark Spark,XOne,2014,Action,Activision,0.06,0.03,0,0.01,0.11
10365,Lego Star Wars: The Force Awakens,X360,2016,Action,Warner Bros. Interactive Entertainment,0.04,0.06,0,0.01,0.11
10393,BlazBlue: Chrono Phantasma,PSV,2014,Fighting,Arc System Works,0.06,0,0.03,0.02,0.11
10396,Earth Defense Force 2: Invaders from Planet Space,PSV,2014,Action,Xseed Games,0.04,0.01,0.04,0.02,0.11
10400,Shovel Knight,WiiU,2015,Platform,Yacht Club Games,0.06,0.04,0,0.01,0.11
10408,Child of Light,PSV,2014,Role-Playing,Ubisoft,0,0.07,0.02,0.02,0.11
10435,Adventure Time: Finn & Jake Investigations,PS3,2015,Action,Little Orbit,0.02,0.07,0,0.02,0.1
10470,The Wolf Among Us,PS3,2014,Adventure,Telltale Games,0.05,0.03,0,0.02,0.1
10491,Castlevania: Lords of Shadow 2,X360,2014,Action,Konami Digital Entertainment,0.02,0.07,0,0.01,0.1
10501,Risen 3: Titan Lords,PS3,2014,Role-Playing,Deep Silver,0.02,0.06,0,0.02,0.1
10509,Zombie Army Trilogy,XOne,2015,Shooter,Rebellion Developments,0.04,0.05,0,0.01,0.1
10558,Pro Evolution Soccer 2016,XOne,2015,Sports,Konami Digital Entertainment,0.03,0.06,0,0.01,0.1
10562,Yaiba: Ninja Gaiden Z,PS3,2014,Action,Tecmo Koei,0.05,0.04,0,0.02,0.1
10581,GRID Autosport,X360,2014,Racing,Codemasters,0.03,0.06,0,0.01,0.1
10583,Wasteland 2,PS4,2015,Role-Playing,Deep Silver,0.07,0,0.01,0.02,0.1
10593,Total War: WARHAMMER,PC,2016,Strategy,Sega,0,0.1,0,0.01,0.1
10612,NBA Live 16,XOne,2015,Sports,Electronic Arts,0.08,0.01,0,0.01,0.1
10660,Digimon All-Star Rumble,PS3,2014,Fighting,Namco Bandai Games,0.06,0.03,0,0.02,0.1
10662,Atelier Sophie: The Alchemist of the Mysterious Book,PS4,2015,Role-Playing,Tecmo Koei,0.01,0.02,0.06,0.01,0.1
10669,NASCAR '14,PS3,2014,Racing,Deep Silver,0.09,0,0,0.01,0.1
10697,F1 2014,PC,2014,Racing,Codemasters,0,0.09,0,0.01,0.1
10704,Ride,XOne,2015,Racing,Milestone S.r.l.,0.04,0.05,0,0.01,0.1
10728,Ultra Street Fighter IV,PS4,2015,Fighting,Capcom,0,0.08,0,0.01,0.1
10733,Rise of the Tomb Raider,PC,2016,Adventure,Square Enix,0,0.09,0,0.01,0.1
10754,Resident Evil: Revelations 2,XOne,2015,Action,Capcom,0.07,0.02,0,0.01,0.1
10758,Wasteland 2,PC,2015,Role-Playing,inXile Entertainment,0.02,0.06,0,0.01,0.1
10807,Disney Planes Fire & Rescue,3DS,2014,Action,Disney Interactive Studios,0.01,0.08,0,0.01,0.1
10810,Natural Doctrine,PS4,2014,Role-Playing,Nippon Ichi Software,0.05,0.02,0.02,0.01,0.1
10816,ReCore,XOne,2016,Action,Microsoft Game Studios,0.06,0.03,0,0.01,0.1
10840,Risen 3: Titan Lords,PC,2014,Role-Playing,Deep Silver,0,0.08,0,0.01,0.09
10854,The King of Fighters XIV,PS4,2016,Fighting,Deep Silver,0.04,0.01,0.03,0.01,0.09
10866,The Voice,WiiU,2014,Action,Activision,0.08,0,0,0.01,0.09
10884,Adventure Time: Finn & Jake Investigations,X360,2015,Action,Little Orbit,0.02,0.06,0,0.01,0.09
10893,The Crew: Wild Run,PS4,2015,Action,Ubisoft,0,0.08,0,0.01,0.09
10903,Etrian Odyssey 2 Untold: Knight of Fafnir,3DS,2014,Role-Playing,Atlus,0.07,0.02,0,0.01,0.09
10914,Lego Star Wars: The Force Awakens,PSV,2016,Action,Warner Bros. Interactive Entertainment,0.02,0.05,0,0.02,0.09
10949,NBA 2K16,PC,2015,Sports,Take-Two Interactive,0.02,0.06,0,0.01,0.09
10963,Transformers: Devastation,X360,2015,Action,Activision,0.06,0.02,0,0.01,0.09
11037,How to Train Your Dragon 2,WiiU,2014,Adventure,Little Orbit,0.04,0.05,0,0.01,0.09
11077,Samurai Warriors 4: Empires,PS4,2015,Action,Tecmo Koei,0.02,0.01,0.05,0.01,0.09
11090,MotoGP 14,X360,2014,Racing,Milestone S.r.l.,0.04,0.04,0,0.01,0.09
11135,Hyperdimension Neptunia Re;Birth 2,PSV,2014,Action,Idea Factory International,0.05,0.02,0,0.02,0.09
11142,F1 2016 (Codemasters),XOne,2016,Racing,Codemasters,0.01,0.07,0,0.01,0.09
11157,Resident Evil: Revelations 2,X360,2015,Action,Capcom,0.04,0.04,0,0.01,0.09
11169,Lego Star Wars: The Force Awakens,WiiU,2016,Action,Warner Bros. Interactive Entertainment,0.04,0.04,0,0.01,0.09
11173,SpongeBob: HeroPants,X360,2015,Platform,Activision,0.08,0,0,0.01,0.09
11180,Escape Dead Island,X360,2014,Action,Deep Silver,0.03,0.05,0,0.01,0.09
11185,Adventure Time: Finn & Jake Investigations,PS4,2015,Action,Little Orbit,0.03,0.04,0,0.01,0.09
11205,Adventure Time: The Secret of the Nameless Kingdom,X360,2014,Action,Little Orbit,0,0.08,0,0.01,0.09
11243,Rugby 15,XOne,2015,Sports,Bigben Interactive,0.03,0.05,0,0.01,0.09
11266,Natural Doctrine,PSV,2014,Role-Playing,Nippon Ichi Software,0.03,0.02,0.03,0.01,0.08
11267,Lara Croft and the Temple of Osiris,PS4,2014,Action,Square Enix,0,0.07,0,0.01,0.08
11275,Escape Dead Island,PS3,2014,Action,Deep Silver,0.03,0.04,0,0.01,0.08
11285,MX vs. ATV Supercross,X360,2014,Racing,Nordic Games,0.03,0.05,0,0.01,0.08
11299,Arslan: The Warriors of Legend,PS4,2015,Action,Tecmo Koei,0.02,0.01,0.04,0.01,0.08
11302,Risen 3: Titan Lords,X360,2014,Role-Playing,Deep Silver,0.02,0.06,0,0.01,0.08
11307,Dead or Alive 5,XOne,2015,Fighting,Tecmo Koei,0.04,0.03,0.01,0.01,0.08
11363,Ride,PS3,2015,Racing,Milestone S.r.l.,0,0.06,0.01,0.01,0.08
11454,Pac-Man and the Ghostly Adventures 2,3DS,2014,Adventure,Namco Bandai Games,0.03,0.05,0,0.01,0.08
11484,The Witch and the Hundred Knight,PS4,2015,Role-Playing,Nippon Ichi Software,0.02,0.01,0.05,0.01,0.08
11490,Persona 4: Arena Ultimax,X360,2014,Fighting,Atlus,0.06,0.01,0,0.01,0.08
11514,Dragon Ball Z: Battle of Z,X360,2014,Fighting,Namco Bandai Games,0.01,0.06,0,0.01,0.08
11522,MXGP 2,PS4,2016,Racing,Milestone S.r.l.,0.02,0.05,0,0.01,0.08
11525,Lost Dimension,PS3,2014,Role-Playing,Nippon Ichi Software,0.05,0.01,0,0.01,0.08
11529,Sherlock Holmes: Crimes & Punishments,XOne,2014,Adventure,Focus Home Interactive,0.03,0.04,0,0.01,0.08
11542,Looney Tunes: Galactic Sports,PSV,2015,Action,Sony Computer Entertainment,0,0.06,0,0.02,0.08
11552,BioShock The Collection,XOne,2016,Shooter,Take-Two Interactive,0.03,0.04,0,0.01,0.08
11554,Just Dance: Disney Party 2,WiiU,2015,Action,Ubisoft,0.06,0.01,0,0.01,0.08
11566,Madden NFL 17,X360,2016,Sports,Electronic Arts,0.06,0.01,0,0.01,0.08
11568,The Voice,X360,2014,Action,Activision,0.07,0,0,0.01,0.08
11576,Sherlock Holmes: Crimes & Punishments,PS3,2014,Adventure,Focus Home Interactive,0.03,0.04,0,0.01,0.08
11583,Assassin's Creed Chronicles,PS4,2016,Action,Ubisoft,0.01,0.05,0.01,0.01,0.08
11592,Minecraft: Story Mode,PC,2015,Adventure,Mojang,0.02,0.05,0,0.01,0.08
11602,The Golf Club,PS4,2014,Sports,Unknown,0.05,0.02,0,0.01,0.08
11706,Madden NFL 17,PS3,2016,Sports,Electronic Arts,0.05,0.01,0,0.01,0.08
11714,WRC 5: FIA World Rally Championship,PSV,2015,Sports,Bigben Interactive,0,0.06,0,0.02,0.08
11724,Shovel Knight,PS4,2015,Platform,Yacht Club Games,0.03,0.03,0,0.01,0.08
11744,Mega Man Legacy Collection,PS4,2016,Platform,Capcom,0.06,0,0,0.01,0.07
11780,Adventure Time: Finn & Jake Investigations,3DS,2015,Action,Little Orbit,0.02,0.05,0,0.01,0.07
11805,Resident Evil Zero,XOne,2016,Action,Capcom,0.05,0.02,0,0.01,0.07
11806,Tropico 5,X360,2014,Simulation,Kalypso Media,0.03,0.04,0,0.01,0.07
11843,Teenage Mutant Ninja Turtles: Mutants in Manhattan,PS4,2016,Action,Activision,0.04,0.02,0,0.01,0.07
11846,The Wolf Among Us,XOne,2014,Adventure,Telltale Games,0.05,0.02,0,0.01,0.07
11867,Just Dance: Disney Party 2,X360,2015,Action,Ubisoft,0.05,0.01,0,0.01,0.07
11873,Rugby World Cup 2015,PS3,2015,Sports,Ubisoft,0,0.06,0,0.01,0.07
11887,Fantasia: Music Evolved,X360,2014,Misc,Disney Interactive Studios,0.05,0.01,0,0.01,0.07
11898,Grand Kingdom,PSV,2015,Role-Playing,Nippon Ichi Software,0.01,0.02,0.04,0.01,0.07
11907,Pac-Man and the Ghostly Adventures 2,WiiU,2014,Adventure,Namco Bandai Games,0.05,0.02,0,0.01,0.07
11939,The Wolf Among Us,PSV,2014,Adventure,Telltale Games,0.05,0,0,0.02,0.07
11995,BlazBlue: Chrono Phantasma Extend,PSV,2015,Action,PQube,0,0.05,0,0.01,0.07
11999,MotoGP 15,PS3,2015,Racing,Milestone S.r.l.,0,0.03,0.03,0.01,0.07
12007,Battleborn,PC,2016,Shooter,Take-Two Interactive,0.03,0.03,0,0.01,0.07
12014,Guilty Gear Xrd -Revelator-,PS3,2016,Fighting,PQube,0.01,0.02,0.02,0.01,0.07
12019,Cut the Rope,3DS,2014,Puzzle,Activision,0.06,0,0,0.01,0.07
12048,Enemy Front,PS3,2014,Shooter,City Interactive,0.01,0.05,0,0.01,0.07
12049,Assassin's Creed: Rogue,PC,2015,Action,Ubisoft,0.04,0.02,0,0.01,0.07
12060,Dynasty Warriors 8: Empires,XOne,2014,Action,Tecmo Koei,0.04,0.02,0,0.01,0.07
12073,Divinity: Original Sin,XOne,2015,Role-Playing,Focus Home Interactive,0.04,0.02,0,0.01,0.07
12078,Toy Soldiers: War Chest,PS4,2015,Action,Ubisoft,0.06,0,0,0.01,0.07
12105,Grand Ages: Medieval,PS4,2015,Strategy,Kalypso Media,0,0.05,0.01,0.01,0.07
12107,Monster High: New Ghoul in School,PS3,2015,Action,Little Orbit,0,0.06,0,0.01,0.07
12119,Just Dance: Disney Party 2,XOne,2015,Action,Ubisoft,0.05,0.01,0,0.01,0.07
12135,Resident Evil 6,PS4,2016,Shooter,Capcom,0.05,0,0,0.01,0.07
12144,Tony Hawk's Pro Skater 5,X360,2015,Sports,Activision,0.06,0,0,0.01,0.07
12147,Transformer: Rise of the Dark Spark (3DS),3DS,2014,Role-Playing,Activision,0.05,0.01,0,0.01,0.07
12163,The Book of Unwritten Tales 2,PS4,2015,Adventure,Nordic Games,0,0.06,0,0.01,0.07
12184,Transformer: Rise of the Dark Spark,WiiU,2014,Action,Activision,0.05,0.01,0,0.01,0.07
12229,Pro Evolution Soccer 2015,PC,2014,Sports,Konami Digital Entertainment,0,0.06,0,0.01,0.07
12266,The LEGO Movie Videogame,PC,2014,Action,Warner Bros. Interactive Entertainment,0.02,0.04,0,0.01,0.06
12282,Broken Sword 5: The Serpent's Curse,PS4,2015,Adventure,Revolution Software,0,0.06,0,0.01,0.06
12308,Rugby 15,PSV,2015,Sports,Bigben Interactive,0,0.05,0,0.01,0.06
12328,Legend of Kay,PS4,2015,Action,Nordic Games,0.02,0.03,0,0.01,0.06
12334,Lego Batman 3: Beyond Gotham,PC,2014,Action,Warner Bros. Interactive Entertainment,0,0.06,0,0.01,0.06
12341,Ratchet & Clank Collection,PSV,2014,Action,Sony Computer Entertainment,0,0.05,0,0.01,0.06
12347,Sherlock Holmes: Crimes & Punishments,X360,2014,Adventure,Focus Home Interactive,0.03,0.03,0,0.01,0.06
12390,Song of the Deep,PS4,2016,Action,Insomniac Games,0.05,0,0,0.01,0.06
12404,Valentino Rossi: The Game,PS4,2016,Racing,Namco Bandai Games,0.01,0.05,0,0.01,0.06
12428,Devil's Third,WiiU,2015,Action,Nintendo,0.04,0.02,0,0.01,0.06
12434,Zero Escape: Zero Time Dilemma,3DS,2016,Adventure,Aksys Games,0.04,0,0.01,0.01,0.06
12442,Terraria,PS4,2014,Action,505 Games,0,0.05,0.01,0.01,0.06
12449,Risen 3: Titan Lords,PS4,2015,Role-Playing,Deep Silver,0,0.05,0,0.01,0.06
12452,Zero Escape: Zero Time Dilemma,PSV,2016,Adventure,Aksys Games,0.03,0,0.02,0.01,0.06
12490,Odin Sphere: Leifthrasir,PS3,2016,Role-Playing,Nippon Ichi Software,0.01,0.02,0.03,0.01,0.06
12521,BlazBlue: Chrono Phantasma Extend,XOne,2015,Action,PQube,0.05,0.01,0,0.01,0.06
12525,Destiny: The Collection,PS4,2016,Shooter,Activision,0.01,0.04,0,0.01,0.06
12529,Digimon All-Star Rumble,X360,2014,Fighting,Namco Bandai Games,0.04,0.01,0,0.01,0.06
12547,Darksiders II,XOne,2015,Action,Nordic Games,0.03,0.02,0,0.01,0.06
12597,Sacred 3,X360,2014,Role-Playing,Deep Silver,0.03,0.03,0,0.01,0.06
12609,Arcana Heart 3,PSV,2014,Fighting,Arc System Works,0.03,0,0.02,0.01,0.06
12640,Game of Thrones (Telltale),PS3,2015,Adventure,Telltale Games,0.02,0.03,0,0.01,0.06
12690,Murdered: Soul Suspect,PC,2014,Action,Square Enix,0,0.05,0,0.01,0.06
12728,Rugby World Cup 2015,PS4,2015,Sports,Ubisoft,0,0.05,0,0.01,0.06
12731,Nights of Azure,PS4,2015,Action,Tecmo Koei,0.03,0.02,0,0.01,0.06
12753,Tokyo Twilight Ghost Hunters,PS3,2014,Role-Playing,Aksys Games,0.03,0,0.02,0.01,0.06
12784,MX vs. ATV Supercross Encore,PS4,2015,Sports,Nordic Games,0,0.05,0,0.01,0.06
12800,Tony Hawk's Pro Skater 5,PS3,2015,Sports,Activision,0.04,0,0,0.01,0.06
12802,Handball 16,PS4,2015,Sports,Bigben Interactive,0,0.05,0,0.01,0.06
12832,NHL Legacy,X360,2015,Action,Electronic Arts,0.05,0,0,0.01,0.05
12871,NBA 2K17,X360,2016,Sports,Take-Two Interactive,0.04,0,0,0.01,0.05
12889,Goosebumps: The Game,3DS,2015,Adventure,WayForward Technologies,0.05,0,0,0.01,0.05
12927,ZombiU,PS4,2016,Action,Ubisoft,0,0.04,0.01,0.01,0.05
12932,Teenage Mutant Ninja Turtles: Mutants in Manhattan,PS3,2016,Action,Activision,0.01,0.03,0,0.01,0.05
12950,Arcania: Gothic 4,PS4,2015,Role-Playing,Nordic Games,0.04,0,0,0.01,0.05
12960,Toy Soldiers: War Chest,XOne,2015,Action,Ubisoft,0.05,0,0,0.01,0.05
13002,Natural Doctrine,PS3,2014,Role-Playing,Nippon Ichi Software,0.03,0.01,0.01,0.01,0.05
13006,Stranger of Sword City,PSV,2015,Role-Playing,Nippon Ichi Software,0.02,0.02,0,0.01,0.05
13014,WRC 5: FIA World Rally Championship,PS4,2015,Sports,Bigben Interactive,0,0.04,0,0.01,0.05
13015,Earth Defense Force 4.1: The Shadow of New Despair,PS4,2015,Shooter,Xseed Games,0.02,0.02,0,0.01,0.05
13019,SpongeBob: HeroPants,PSV,2015,Platform,Activision,0.03,0.01,0,0.01,0.05
13031,Assetto Corsa,PS4,2016,Racing,505 Games,0,0.04,0,0.01,0.05
13097,The Technomancer,PS4,2016,Role-Playing,Focus Home Interactive,0.01,0.03,0,0.01,0.05
13102,Mirror's Edge Catalyst,PC,2016,Platform,Electronic Arts,0.01,0.03,0,0.01,0.05
13105,LEGO The Hobbit,PC,2014,Action,Warner Bros. Interactive Entertainment,0,0.04,0,0.01,0.05
13172,Pro Cycling Manager 2016,PS4,2016,Sports,Focus Home Interactive,0,0.04,0,0.01,0.05
13234,NBA 2K17,PS3,2016,Sports,Take-Two Interactive,0.03,0.01,0,0.01,0.05
13287,Saints Row: Gat out of Hell,PS4,2015,Action,Deep Silver,0,0.04,0,0.01,0.05
13301,Handball 16,PS3,2015,Sports,Bigben Interactive,0,0.04,0,0.01,0.05
13348,Game of Thrones (Telltale),PS4,2015,Adventure,Telltale Games,0.04,0,0,0.01,0.05
13437,Mighty No. 9,PS4,2016,Platform,Deep Silver,0.04,0,0,0.01,0.05
13494,Rugby Challenge 3,PS3,2016,Sports,Alternative Software,0,0.04,0,0.01,0.04
13510,S??bastien Loeb Rally Evo,PS4,2016,Racing,Milestone S.r.l,0,0.04,0,0.01,0.04
13649,Hitman (2016),PS4,2016,Action,Square Enix,0,0.04,0,0.01,0.04
13704,XCOM 2,PS4,2016,Strategy,Take-Two Interactive,0.01,0.02,0,0.01,0.04
13761,Infamous: First Light,PS4,2014,Action,Sony Computer Entertainment,0,0.03,0,0.01,0.04
13781,Nobunaga's Ambition: Sphere of Influence,PS4,2014,Strategy,Tecmo Koei,0.03,0,0,0.01,0.04
13883,Rugby Challenge 3,PS4,2016,Sports,Alternative Software,0,0.03,0,0.01,0.04
13957,Ragnarok Odyssey,PS3,2014,Role-Playing,GungHo,0.03,0.01,0,0.01,0.04
13972,Rugby World Cup 2015,PSV,2015,Sports,Ubisoft,0,0.03,0,0.01,0.04
13987,NHL Legacy,PS3,2015,Action,Electronic Arts,0.03,0,0,0.01,0.04
13995,NHL 16,PS3,2015,Sports,Electronic Arts,0,0.03,0,0.01,0.04
14075,Aegis of Earth: Protonovus Assault,PSV,2016,Action,PQube,0.02,0.01,0,0.01,0.04
14082,MLB 15: The Show,PSV,2015,Sports,Sony Computer Entertainment,0.03,0,0,0.01,0.04
14085,Assassin's Creed Chronicles: China,PS4,2015,Action,Ubisoft,0,0.03,0,0.01,0.04
14094,Batman: A Telltale Game Series,PS4,2016,Adventure,Telltale Games,0.01,0.02,0,0.01,0.04
14140,Resident Evil 4 HD,PS4,2016,Shooter,Capcom,0.03,0,0,0.01,0.03
14185,MX vs. ATV Supercross,PS3,2014,Racing,Nordic Games,0.02,0.01,0,0.01,0.03
14236,NASCAR Heat Evolution,PS4,2016,Racing,Dusenberry Martin Racing,0.03,0,0,0.01,0.03
14683,Ghostbusters (2016),PS4,2016,Action,Activision,0.02,0,0,0.01,0.03
14757,Xblaze: Lost Memories,PSV,2015,Adventure,Arc System Works,0.02,0,0,0.01,0.03
14760,Let's Sing 2016,PS4,2015,Action,FuRyu Corporation,0.02,0,0,0.01,0.03
