Name,Platform,Year,Genre,Publisher,NA_Sales(millions),EU_Sales(millions),JP_Sales(millions),Other_Sales(millions),Global_Sales(millions)
Grand Theft Auto V,PS4,2014,Action,Take-Two Interactive,3.8,5.81,0.36,2.02,11.98
Grand Theft Auto V,XOne,2014,Action,Take-Two Interactive,2.66,2.01,0,0.41,5.08
The Last of Us,PS4,2014,Action,Sony Computer Entertainment,1.78,1.87,0.07,0.82,4.55
Uncharted: The Nathan Drake Collection,PS4,2015,Action,Sony Computer Entertainment,1.96,1.69,0.08,0.74,4.47
Watch Dogs,PS4,2014,Action,Ubisoft,1.4,1.86,0.11,0.77,4.14
Assassin's Creed: Unity,PS4,2014,Action,Ubisoft,1.18,1.96,0.08,0.7,3.92
Batman: Arkham Knight,PS4,2015,Action,Warner Bros. Interactive Entertainment,1.49,1.58,0.1,0.61,3.79
Assassin's Creed: Unity,XOne,2014,Action,Ubisoft,2.26,0.89,0,0.3,3.46
Metal Gear Solid V: The Phantom Pain,PS4,2015,Action,Konami Digital Entertainment,1.08,1.35,0.48,0.47,3.38
Assassin's Creed Syndicate,PS4,2015,Action,Ubisoft,0.8,1.92,0.06,0.5,3.28
Monster Hunter X,3DS,2015,Action,Capcom,0.25,0.19,2.78,0.04,3.26
Middle-Earth: Shadow of Mordor,PS4,2014,Action,Warner Bros. Interactive Entertainment,1.01,1.41,0.05,0.53,2.99
inFAMOUS: Second Son,PS4,2014,Action,Sony Computer Entertainment,1.27,0.97,0.07,0.47,2.78
Bloodborne,PS4,2015,Action,Sony Computer Entertainment,1,0.76,0.26,0.36,2.38
The Legend of Zelda: Majora's Mask 3D,3DS,2015,Action,Nintendo,1.14,0.54,0.47,0.17,2.32
Far Cry: Primal,PS4,2016,Action,Ubisoft,0.59,1.16,0.06,0.33,2.13
Watch Dogs,PS3,2014,Action,Ubisoft,0.56,0.89,0.1,0.37,1.93
Just Cause 3,PS4,2015,Action,Square Enix,0.46,1.02,0.07,0.28,1.83
The Evil Within,PS4,2014,Action,Bethesda Softworks,0.55,0.84,0.11,0.31,1.81
Dying Light,PS4,2015,Action,Warner Bros. Interactive Entertainment,0.63,0.66,0.11,0.26,1.66
No Man's Sky,PS4,2016,Action,Hello Games,0.58,0.74,0.02,0.26,1.6
Watch Dogs,XOne,2014,Action,Ubisoft,0.9,0.53,0,0.13,1.55
Batman: Arkham Knight,XOne,2015,Action,Warner Bros. Interactive Entertainment,0.86,0.46,0,0.13,1.45
Tomb Raider (2013),PS4,2014,Action,Square Enix,0.47,0.64,0.06,0.25,1.41
Assassin's Creed: Rogue,PS3,2014,Action,Ubisoft,0.46,0.62,0.06,0.23,1.37
Middle-Earth: Shadow of Mordor,XOne,2014,Action,Warner Bros. Interactive Entertainment,0.72,0.5,0.01,0.1,1.32
The LEGO Movie Videogame,X360,2014,Action,Warner Bros. Interactive Entertainment,0.69,0.52,0,0.11,1.32
Watch Dogs,X360,2014,Action,Ubisoft,0.72,0.45,0.01,0.11,1.28
Metal Gear Solid V: Ground Zeroes,PS4,2014,Action,Konami Digital Entertainment,0.45,0.46,0.17,0.2,1.28
Assassin's Creed Syndicate,XOne,2015,Action,Ubisoft,0.61,0.56,0,0.11,1.28
Hyrule Warriors,WiiU,2014,Action,Nintendo,0.61,0.42,0.13,0.1,1.26
Disney Infinity 2.0: Marvel Super Heroes,X360,2014,Action,Disney Interactive Studios,0.62,0.4,0,0.1,1.12
Mad Max (2015),PS4,2015,Action,Warner Bros. Interactive Entertainment,0.32,0.58,0.04,0.17,1.11
The Legend of Zelda: Tri Force Heroes,3DS,2015,Action,Nintendo,0.52,0.33,0.17,0.08,1.1
Grand Theft Auto V,PC,2015,Action,Take-Two Interactive,0.36,0.64,0,0.08,1.08
Assassin's Creed: Rogue,X360,2014,Action,Ubisoft,0.58,0.38,0,0.09,1.05
Skylanders: Trap Team,Wii,2014,Action,Activision,0.42,0.54,0,0.08,1.05
Disney Infinity 2.0: Marvel Super Heroes,PS3,2014,Action,Disney Interactive Studios,0.44,0.4,0,0.17,1.02
Bayonetta 2,WiiU,2014,Action,Nintendo,0.34,0.28,0.1,0.3,1.01
The LEGO Movie Videogame,PS3,2014,Action,Warner Bros. Interactive Entertainment,0.33,0.48,0.02,0.18,1.01
LEGO Jurassic World,X360,2015,Action,Warner Bros. Interactive Entertainment,0.47,0.4,0,0.08,0.95
Lego Batman 3: Beyond Gotham,X360,2014,Action,Warner Bros. Interactive Entertainment,0.48,0.38,0,0.08,0.95
The Legend of Zelda: Twilight Princess HD,WiiU,2016,Action,Nintendo,0.48,0.3,0.08,0.08,0.94
LEGO Jurassic World,PS3,2015,Action,Warner Bros. Interactive Entertainment,0.34,0.44,0,0.15,0.93
Skylanders: Trap Team,X360,2014,Action,Activision,0.54,0.31,0,0.08,0.93
Lego Batman 3: Beyond Gotham,PS4,2014,Action,Warner Bros. Interactive Entertainment,0.37,0.39,0,0.15,0.92
The Evil Within,PS3,2014,Action,Bethesda Softworks,0.26,0.39,0.12,0.14,0.92
LEGO Jurassic World,PS4,2015,Action,Warner Bros. Interactive Entertainment,0.32,0.42,0.01,0.14,0.89
Just Cause 3,XOne,2015,Action,Square Enix,0.42,0.38,0,0.07,0.88
Far Cry: Primal,XOne,2016,Action,Ubisoft,0.46,0.32,0,0.07,0.85
Kirby: Planet Robobot,3DS,2016,Action,Nintendo,0.26,0.1,0.44,0.04,0.85
Thief (2014),PS4,2014,Action,Square Enix,0.28,0.37,0.03,0.16,0.84
MLB 16: The Show,PS4,2016,Action,Sony Computer Entertainment,0.68,0,0,0.16,0.84
Lego Batman 3: Beyond Gotham,PS3,2014,Action,Warner Bros. Interactive Entertainment,0.33,0.35,0,0.13,0.81
Dying Light,XOne,2015,Action,Warner Bros. Interactive Entertainment,0.43,0.3,0.01,0.07,0.81
Dragon Quest Heroes: The World's Tree Woe and the Blight Below,PS4,2015,Action,Square Enix,0.16,0.13,0.37,0.06,0.71
Metal Gear Solid V: The Phantom Pain,XOne,2015,Action,Konami Digital Entertainment,0.37,0.26,0.01,0.06,0.71
Skylanders: Trap Team,WiiU,2014,Action,Activision,0.39,0.25,0,0.06,0.7
Metal Gear Solid V: The Phantom Pain,PS3,2015,Action,Konami Digital Entertainment,0.21,0.18,0.22,0.08,0.7
The LEGO Movie Videogame,3DS,2014,Action,Warner Bros. Interactive Entertainment,0.28,0.31,0.05,0.05,0.69
Skylanders: Trap Team,PS3,2014,Action,Activision,0.24,0.33,0,0.12,0.69
Disney Infinity 3.0,PS4,2015,Action,Disney Interactive Studios,0.21,0.36,0,0.11,0.68
Metro: Last Light,PS4,2014,Action,Deep Silver,0.22,0.3,0.04,0.12,0.68
The LEGO Movie Videogame,PS4,2014,Action,Warner Bros. Interactive Entertainment,0.24,0.31,0.01,0.11,0.67
The LEGO Movie Videogame,WiiU,2014,Action,Warner Bros. Interactive Entertainment,0.35,0.23,0.03,0.06,0.66
Disney Infinity 2.0: Marvel Super Heroes,WiiU,2014,Action,Disney Interactive Studios,0.38,0.22,0,0.06,0.65
The Evil Within,XOne,2014,Action,Bethesda Softworks,0.35,0.25,0,0.05,0.65
LEGO Marvel's Avengers,PS4,2016,Action,Warner Bros. Interactive Entertainment,0.25,0.29,0,0.1,0.64
LEGO Dimensions,PS4,2015,Action,Warner Bros. Interactive Entertainment,0.22,0.32,0,0.1,0.64
Middle-Earth: Shadow of Mordor,PS3,2014,Action,Warner Bros. Interactive Entertainment,0.2,0.33,0.01,0.1,0.64
God of War III,PS4,2015,Action,Sony Computer Entertainment,0.23,0.29,0.01,0.1,0.63
LEGO Jurassic World,XOne,2015,Action,Warner Bros. Interactive Entertainment,0.35,0.22,0,0.06,0.63
Metal Gear Solid V: Ground Zeroes,PS3,2014,Action,Konami Digital Entertainment,0.14,0.14,0.27,0.06,0.62
LEGO Jurassic World,3DS,2015,Action,Warner Bros. Interactive Entertainment,0.31,0.22,0.03,0.05,0.6
LEGO The Hobbit,PS4,2014,Action,Warner Bros. Interactive Entertainment,0.12,0.37,0,0.1,0.6
Tomb Raider (2013),XOne,2014,Action,Square Enix,0.34,0.21,0,0.05,0.6
Disney Infinity 2.0: Marvel Super Heroes,PS4,2014,Action,Disney Interactive Studios,0.26,0.24,0,0.1,0.6
LEGO Dimensions,X360,2015,Action,Warner Bros. Interactive Entertainment,0.24,0.28,0,0.05,0.56
Assassin's Creed: Unity,PC,2014,Action,Ubisoft,0.17,0.33,0,0.05,0.55
The Amazing Spider-Man 2 (2014),PS4,2014,Action,Activision,0.2,0.25,0.02,0.09,0.55
LEGO The Hobbit,PS3,2014,Action,Warner Bros. Interactive Entertainment,0.12,0.32,0,0.1,0.54
LEGO Dimensions,PS3,2015,Action,Warner Bros. Interactive Entertainment,0.15,0.3,0,0.09,0.54
Resident Evil: Revelations 2,PS4,2015,Action,Capcom,0.13,0.24,0.1,0.07,0.54
Middle-Earth: Shadow of Mordor,X360,2014,Action,Warner Bros. Interactive Entertainment,0.28,0.21,0,0.05,0.54
Lego Star Wars: The Force Awakens,PS4,2016,Action,Warner Bros. Interactive Entertainment,0.14,0.32,0,0.08,0.54
LEGO Jurassic World,WiiU,2015,Action,Warner Bros. Interactive Entertainment,0.28,0.19,0.02,0.04,0.53
The LEGO Movie Videogame,XOne,2014,Action,Warner Bros. Interactive Entertainment,0.34,0.13,0,0.04,0.51
LEGO Dimensions,WiiU,2015,Action,Warner Bros. Interactive Entertainment,0.3,0.16,0,0.05,0.51
Quantum Break,XOne,2016,Action,Microsoft Game Studios,0.27,0.19,0.01,0.04,0.51
Rory McIlroy PGA Tour,PS4,2015,Action,Electronic Arts,0.18,0.24,0,0.08,0.51
LEGO The Hobbit,X360,2014,Action,Warner Bros. Interactive Entertainment,0.2,0.26,0,0.04,0.5
The Evil Within,X360,2014,Action,Bethesda Softworks,0.25,0.2,0.01,0.04,0.5
Lego Batman 3: Beyond Gotham,PSV,2014,Action,Warner Bros. Interactive Entertainment,0.09,0.29,0,0.11,0.49
World of Warcraft: Warlords of Draenor,PC,2014,Action,Activision Blizzard,0.08,0.36,0,0.04,0.48
Skylanders: SuperChargers,WiiU,2015,Action,Activision,0.25,0.18,0,0.04,0.48
Lego Batman 3: Beyond Gotham,WiiU,2014,Action,Warner Bros. Interactive Entertainment,0.23,0.21,0,0.04,0.47
Disney Infinity 3.0,PS3,2015,Action,Disney Interactive Studios,0.14,0.25,0,0.08,0.47
Mario & Sonic at the Rio 2016 Olympic Games,3DS,2016,Action,Nintendo,0.04,0.16,0.24,0.01,0.46
Mad Max (2015),XOne,2015,Action,Warner Bros. Interactive Entertainment,0.26,0.16,0,0.04,0.46
Skylanders: SuperChargers,X360,2015,Action,Activision,0.24,0.18,0,0.04,0.46
Thief (2014),XOne,2014,Action,Square Enix,0.26,0.15,0,0.04,0.45
Lego Batman 3: Beyond Gotham,3DS,2014,Action,Warner Bros. Interactive Entertainment,0.21,0.21,0,0.04,0.45
Watch Dogs,PC,2014,Action,Ubisoft,0.14,0.26,0,0.05,0.45
One Piece: Pirate Warriors 3,PS4,2015,Action,Namco Bandai Games,0.08,0.22,0.1,0.05,0.45
Disney Infinity 3.0,X360,2015,Action,Disney Interactive Studios,0.19,0.21,0,0.04,0.44
Disney Infinity 3.0,WiiU,2015,Action,Disney Interactive Studios,0.2,0.21,0,0.04,0.44
Sleeping Dogs,PS4,2014,Action,Square Enix,0.16,0.2,0,0.07,0.43
Lego Batman 3: Beyond Gotham,XOne,2014,Action,Warner Bros. Interactive Entertainment,0.23,0.17,0,0.04,0.43
Skylanders: Trap Team,PS4,2014,Action,Activision,0.18,0.17,0,0.07,0.43
Wolfenstein: The Old Blood,PS4,2015,Action,Bethesda Softworks,0.09,0.25,0.02,0.06,0.42
Disney Infinity 2.0: Marvel Super Heroes,XOne,2014,Action,Disney Interactive Studios,0.24,0.15,0,0.03,0.42
Hyrule Warriors,3DS,2016,Action,Nintendo,0.16,0.12,0.11,0.03,0.42
LEGO Jurassic World,PSV,2015,Action,Warner Bros. Interactive Entertainment,0.09,0.23,0,0.09,0.41
The LEGO Movie Videogame,PSV,2014,Action,Warner Bros. Interactive Entertainment,0.05,0.26,0,0.09,0.41
Thief (2014),PS3,2014,Action,Square Enix,0.1,0.2,0.02,0.08,0.4
Skylanders: SuperChargers,PS3,2015,Action,Activision,0.15,0.18,0,0.06,0.39
Saints Row IV,PS4,2015,Action,Deep Silver,0.13,0.17,0.03,0.06,0.38
LEGO Dimensions,XOne,2015,Action,Warner Bros. Interactive Entertainment,0.21,0.13,0,0.03,0.37
Dishonored,PS4,2015,Action,Bethesda Softworks,0.11,0.18,0.02,0.06,0.37
Resident Evil Zero,PS4,2016,Action,Capcom,0.09,0.17,0.05,0.05,0.36
Middle-Earth: Shadow of Mordor,PC,2014,Action,Warner Bros. Interactive Entertainment,0.12,0.2,0,0.04,0.36
Skylanders: Trap Team,XOne,2014,Action,Activision,0.25,0.07,0,0.03,0.34
LEGO Marvel's Avengers,X360,2016,Action,Warner Bros. Interactive Entertainment,0.17,0.15,0,0.03,0.34
Sonic Boom: Rise of Lyric,WiiU,2014,Action,Sega,0.21,0.09,0,0.03,0.33
God of War Collection,PSV,2014,Action,Sony Computer Entertainment,0.14,0.1,0.01,0.07,0.33
Resident Evil: Revelations 2,PS3,2015,Action,Capcom,0.06,0.08,0.16,0.03,0.32
LEGO Marvel's Avengers,XOne,2016,Action,Warner Bros. Interactive Entertainment,0.18,0.11,0,0.03,0.32
Murdered: Soul Suspect,PS4,2014,Action,Square Enix,0.09,0.16,0.02,0.05,0.32
TrackMania Turbo,PS4,2016,Action,Ubisoft,0.03,0.24,0,0.05,0.32
LEGO Marvel's Avengers,PS3,2016,Action,Warner Bros. Interactive Entertainment,0.1,0.17,0,0.05,0.32
Metro: Last Light,XOne,2014,Action,Deep Silver,0.15,0.13,0,0.03,0.31
Disney Infinity 3.0,XOne,2015,Action,Disney Interactive Studios,0.18,0.1,0,0.03,0.31
One Piece: Unlimited World Red,PS3,2014,Action,Namco Bandai Games,0.09,0.12,0.06,0.05,0.3
NES Remix,WiiU,2014,Action,Nintendo,0.2,0,0.08,0.02,0.3
DmC: Devil May Cry,PS4,2015,Action,Capcom,0.12,0.13,0,0.05,0.3
Dynasty Warriors 8: Xtreme Legends,PS4,2014,Action,Tecmo Koei,0.09,0.11,0.06,0.04,0.3
Toukiden Kiwami,PSV,2014,Action,Tecmo Koei,0.05,0.05,0.17,0.03,0.3
Skylanders: SuperChargers,PS4,2015,Action,Activision,0.17,0.08,0,0.05,0.3
Thief (2014),X360,2014,Action,Square Enix,0.14,0.13,0,0.03,0.3
Soul Sacrifice Delta,PSV,2014,Action,Sony Computer Entertainment,0.01,0.12,0.12,0.04,0.29
The Amazing Spider-Man 2 (2014),PS3,2014,Action,Activision,0.06,0.16,0.02,0.05,0.29
Sonic Boom: Shattered Crystal,3DS,2014,Action,Sega,0.17,0.09,0,0.03,0.29
One Piece: Pirate Warriors 3,PS3,2015,Action,Namco Bandai Games,0,0.09,0.19,0.01,0.29
Metal Gear Solid V: Ground Zeroes,XOne,2014,Action,Konami Digital Entertainment,0.15,0.11,0,0.02,0.28
Danganronpa Another Episode: Ultra Despair Girls,PSV,2014,Action,Nippon Ichi Software,0.1,0.03,0.12,0.04,0.28
Deadpool,PS4,2015,Action,Activision,0.13,0.1,0,0.05,0.28
The Evil Within,PC,2014,Action,Bethesda Softworks,0.09,0.16,0,0.02,0.27
LEGO The Hobbit,XOne,2014,Action,Warner Bros. Interactive Entertainment,0.13,0.12,0,0.02,0.27
Ultimate NES Remix,3DS,2014,Action,Unknown,0.15,0.09,0,0.02,0.27
Rory McIlroy PGA Tour,XOne,2015,Action,Electronic Arts,0.15,0.09,0,0.02,0.27
Skylanders: SuperChargers,Wii,2015,Action,Activision,0.05,0.19,0,0.02,0.26
Skylanders: Trap Team,3DS,2014,Action,Activision,0.14,0.1,0,0.02,0.26
The Amazing Spider-Man 2 (2014),X360,2014,Action,Activision,0.1,0.14,0,0.02,0.26
Mario & Sonic at the Rio 2016 Olympic Games,WiiU,2016,Action,Nintendo,0.03,0.11,0.1,0.01,0.26
LEGO Ninjago: Shadow of Ronin,PSV,2015,Action,Warner Bros. Interactive Entertainment,0.03,0.16,0,0.05,0.24
LEGO The Hobbit,3DS,2014,Action,Warner Bros. Interactive Entertainment,0.09,0.13,0,0.02,0.24
Samurai Warriors 4,PS4,2014,Action,Tecmo Koei,0.08,0.07,0.06,0.03,0.24
Lego Star Wars: The Force Awakens,XOne,2016,Action,Warner Bros. Interactive Entertainment,0.12,0.1,0,0.02,0.24
Onechanbara Z2: Chaos,PS4,2014,Action,Nippon Ichi Software,0.13,0.02,0.04,0.04,0.24
LEGO Marvel's Avengers,WiiU,2016,Action,Warner Bros. Interactive Entertainment,0.12,0.09,0,0.02,0.23
LEGO Marvel's Avengers,PSV,2016,Action,Warner Bros. Interactive Entertainment,0.07,0.11,0,0.05,0.23
Skylanders: SuperChargers,XOne,2015,Action,Activision,0.16,0.05,0,0.02,0.23
LEGO The Hobbit,WiiU,2014,Action,Warner Bros. Interactive Entertainment,0.1,0.11,0,0.02,0.23
Senran Kagura: Estival Versus,PSV,2015,Action,Marvelous Interactive,0.06,0.05,0.09,0.03,0.23
Castlevania: Lords of Shadow 2,PS3,2014,Action,Konami Digital Entertainment,0.03,0.13,0.02,0.04,0.22
Transformers: Devastation,PS4,2015,Action,Activision,0.1,0.08,0,0.04,0.22
Darksiders II,PS4,2015,Action,Nordic Games,0.09,0.1,0,0.04,0.22
One Piece: Pirate Warriors 3,PSV,2015,Action,Namco Bandai Games,0,0.07,0.13,0.02,0.22
The Amazing Spider-Man 2 (2014),XOne,2014,Action,Activision,0.12,0.07,0,0.02,0.21
Metal Gear Solid V: The Phantom Pain,X360,2015,Action,Konami Digital Entertainment,0.12,0.08,0,0.02,0.21
Transformer: Rise of the Dark Spark,PS4,2014,Action,Activision,0.07,0.1,0.01,0.04,0.21
Senran Kagura 2: Deep Crimson,3DS,2014,Action,Marvelous Entertainment,0.09,0.03,0.08,0.01,0.21
LEGO The Hobbit,PSV,2014,Action,Warner Bros. Interactive Entertainment,0.03,0.13,0,0.05,0.21
LEGO Ninjago: Shadow of Ronin,3DS,2015,Action,Warner Bros. Interactive Entertainment,0.05,0.1,0.04,0.01,0.21
Attack on Titan (KOEI),PS4,2016,Action,Tecmo Koei,0.02,0.06,0.11,0.02,0.2
Assassin's Creed Syndicate,PC,2015,Action,Ubisoft,0.1,0.08,0,0.02,0.2
Saints Row IV,XOne,2015,Action,Deep Silver,0.1,0.09,0,0.02,0.2
Sleeping Dogs,XOne,2014,Action,Square Enix,0.1,0.09,0,0.02,0.2
The Heavy Rain and Beyond: Two Souls Collection,PS4,2016,Action,Sony Computer Entertainment,0,0.16,0,0.03,0.19
Dynasty Warriors 8: Empires,PS4,2014,Action,Tecmo Koei,0.06,0.07,0.03,0.02,0.18
LEGO Marvel's Avengers,3DS,2016,Action,Warner Bros. Interactive Entertainment,0.07,0.08,0.01,0.01,0.18
Dying Light,PC,2015,Action,Warner Bros. Interactive Entertainment,0.11,0.06,0,0.02,0.18
Godzilla (2015),PS4,2014,Action,Namco Bandai Games,0.1,0.03,0.02,0.03,0.18
Hyperdimension Neptunia U: Action Unleashed,PSV,2014,Action,Idea Factory International,0.07,0.02,0.06,0.03,0.17
One Piece: Unlimited World Red,PSV,2014,Action,Namco Bandai Games,0.06,0.04,0.04,0.03,0.17
Transformer: Rise of the Dark Spark,X360,2014,Action,Activision,0.09,0.07,0,0.02,0.17
Toukiden Kiwami,PS4,2015,Action,Tecmo Koei,0.05,0.07,0.02,0.02,0.17
Senran Kagura: Estival Versus,PS4,2015,Action,Marvelous Interactive,0.07,0,0.08,0.02,0.17
MLB 16: The Show,PS3,2016,Action,Sony Computer Entertainment,0.13,0,0,0.03,0.16
Bladestorm: Nightmare,PS4,2015,Action,Tecmo Koei,0.07,0.04,0.03,0.02,0.16
Murdered: Soul Suspect,XOne,2014,Action,Square Enix,0.08,0.07,0,0.01,0.16
Metal Gear Solid V: Ground Zeroes,X360,2014,Action,Konami Digital Entertainment,0.07,0.06,0.01,0.01,0.15
Murdered: Soul Suspect,PS3,2014,Action,Square Enix,0.05,0.06,0.02,0.02,0.15
Wolfenstein: The Old Blood,XOne,2015,Action,Bethesda Softworks,0.07,0.07,0,0.01,0.15
Warriors Orochi 3,PS4,2014,Action,Tecmo Koei,0.04,0.05,0.04,0.02,0.15
Deception IV: Blood Ties,PSV,2014,Action,Tecmo Koei,0.03,0.03,0.07,0.02,0.14
Dishonored,XOne,2015,Action,Bethesda Softworks,0.08,0.05,0,0.01,0.14
Disney Infinity 2.0: Marvel Super Heroes,PSV,2015,Action,Disney Interactive Studios,0,0.11,0,0.03,0.14
Watch Dogs,WiiU,2014,Action,Ubisoft,0.08,0.05,0,0.01,0.14
Just Cause 3,PC,2015,Action,Square Enix,0.03,0.11,0,0.01,0.14
Far Cry: Primal,PC,2016,Action,Ubisoft,0.04,0.09,0,0.01,0.14
BlazBlue: Chrono Phantasma Extend,PS4,2015,Action,PQube,0.07,0.03,0.02,0.02,0.14
Transformers: Devastation,XOne,2015,Action,Activision,0.09,0.03,0,0.01,0.13
DmC: Devil May Cry,XOne,2015,Action,Capcom,0.08,0.04,0,0.01,0.13
Resident Evil: Revelations 2,PSV,2015,Action,Capcom,0.01,0.05,0.06,0.01,0.13
Batman: Arkham Knight,PC,2015,Action,Warner Bros. Interactive Entertainment,0.08,0.03,0,0.01,0.13
Gravity Rush Remastered,PS4,2015,Action,Sony Computer Entertainment,0.02,0.05,0.04,0.01,0.13
Transformer: Rise of the Dark Spark,PS3,2014,Action,Activision,0.04,0.05,0.01,0.02,0.13
Lego Star Wars: The Force Awakens,PS3,2016,Action,Warner Bros. Interactive Entertainment,0.03,0.07,0,0.02,0.12
Final Fantasy XIV: Heavensward,PS4,2015,Action,Square Enix,0,0.05,0.06,0.01,0.12
7 Days to Die,PS4,2016,Action,Telltale Games,0.03,0.07,0,0.02,0.12
Assassin's Creed Chronicles,PSV,2016,Action,Ubisoft,0.02,0.06,0.01,0.02,0.12
Rodea the Sky Soldier,WiiU,2015,Action,Nippon Ichi Software,0.08,0.02,0.01,0.01,0.12
MegaTagmension Blanc + Neptune VS Zombies,PSV,2015,Action,Idea Factory International,0.02,0.03,0.05,0.01,0.12
Deception IV: Blood Ties,PS3,2014,Action,Tecmo Koei,0.02,0.02,0.06,0.01,0.12
Deadpool,XOne,2015,Action,Activision,0.08,0.03,0,0.01,0.12
Hyperdimension Neptunia Re;Birth 3,PSV,2014,Action,Idea Factory International,0.07,0.01,0,0.03,0.12
Dead Island Definitive Collection,PS4,2016,Action,Deep Silver,0.02,0.07,0.01,0.02,0.12
Skylanders: SuperChargers,3DS,2015,Action,Activision,0.05,0.06,0,0.01,0.11
Akiba's Trip: Undead & Undressed,PS4,2014,Action,Acquire,0.08,0,0.01,0.02,0.11
Samurai Warriors 4-II,PS4,2015,Action,Tecmo Koei,0.03,0.02,0.06,0.01,0.11
Thief (2014),PC,2014,Action,Square Enix,0,0.09,0,0.02,0.11
Transformers: Devastation,PS3,2015,Action,Activision,0.03,0.07,0,0.02,0.11
Murdered: Soul Suspect,X360,2014,Action,Square Enix,0.06,0.04,0,0.01,0.11
Transformer: Rise of the Dark Spark,XOne,2014,Action,Activision,0.06,0.03,0,0.01,0.11
Lego Star Wars: The Force Awakens,X360,2016,Action,Warner Bros. Interactive Entertainment,0.04,0.06,0,0.01,0.11
Earth Defense Force 2: Invaders from Planet Space,PSV,2014,Action,Xseed Games,0.04,0.01,0.04,0.02,0.11
Adventure Time: Finn & Jake Investigations,PS3,2015,Action,Little Orbit,0.02,0.07,0,0.02,0.1
Castlevania: Lords of Shadow 2,X360,2014,Action,Konami Digital Entertainment,0.02,0.07,0,0.01,0.1
Yaiba: Ninja Gaiden Z,PS3,2014,Action,Tecmo Koei,0.05,0.04,0,0.02,0.1
Resident Evil: Revelations 2,XOne,2015,Action,Capcom,0.07,0.02,0,0.01,0.1
Disney Planes Fire & Rescue,3DS,2014,Action,Disney Interactive Studios,0.01,0.08,0,0.01,0.1
ReCore,XOne,2016,Action,Microsoft Game Studios,0.06,0.03,0,0.01,0.1
The Voice,WiiU,2014,Action,Activision,0.08,0,0,0.01,0.09
Adventure Time: Finn & Jake Investigations,X360,2015,Action,Little Orbit,0.02,0.06,0,0.01,0.09
The Crew: Wild Run,PS4,2015,Action,Ubisoft,0,0.08,0,0.01,0.09
Lego Star Wars: The Force Awakens,PSV,2016,Action,Warner Bros. Interactive Entertainment,0.02,0.05,0,0.02,0.09
Transformers: Devastation,X360,2015,Action,Activision,0.06,0.02,0,0.01,0.09
Samurai Warriors 4: Empires,PS4,2015,Action,Tecmo Koei,0.02,0.01,0.05,0.01,0.09
Hyperdimension Neptunia Re;Birth 2,PSV,2014,Action,Idea Factory International,0.05,0.02,0,0.02,0.09
Resident Evil: Revelations 2,X360,2015,Action,Capcom,0.04,0.04,0,0.01,0.09
Lego Star Wars: The Force Awakens,WiiU,2016,Action,Warner Bros. Interactive Entertainment,0.04,0.04,0,0.01,0.09
Escape Dead Island,X360,2014,Action,Deep Silver,0.03,0.05,0,0.01,0.09
Adventure Time: Finn & Jake Investigations,PS4,2015,Action,Little Orbit,0.03,0.04,0,0.01,0.09
Adventure Time: The Secret of the Nameless Kingdom,X360,2014,Action,Little Orbit,0,0.08,0,0.01,0.09
Lara Croft and the Temple of Osiris,PS4,2014,Action,Square Enix,0,0.07,0,0.01,0.08
Escape Dead Island,PS3,2014,Action,Deep Silver,0.03,0.04,0,0.01,0.08
Arslan: The Warriors of Legend,PS4,2015,Action,Tecmo Koei,0.02,0.01,0.04,0.01,0.08
Looney Tunes: Galactic Sports,PSV,2015,Action,Sony Computer Entertainment,0,0.06,0,0.02,0.08
Just Dance: Disney Party 2,WiiU,2015,Action,Ubisoft,0.06,0.01,0,0.01,0.08
The Voice,X360,2014,Action,Activision,0.07,0,0,0.01,0.08
Assassin's Creed Chronicles,PS4,2016,Action,Ubisoft,0.01,0.05,0.01,0.01,0.08
Adventure Time: Finn & Jake Investigations,3DS,2015,Action,Little Orbit,0.02,0.05,0,0.01,0.07
Resident Evil Zero,XOne,2016,Action,Capcom,0.05,0.02,0,0.01,0.07
Teenage Mutant Ninja Turtles: Mutants in Manhattan,PS4,2016,Action,Activision,0.04,0.02,0,0.01,0.07
Just Dance: Disney Party 2,X360,2015,Action,Ubisoft,0.05,0.01,0,0.01,0.07
BlazBlue: Chrono Phantasma Extend,PSV,2015,Action,PQube,0,0.05,0,0.01,0.07
Assassin's Creed: Rogue,PC,2015,Action,Ubisoft,0.04,0.02,0,0.01,0.07
Dynasty Warriors 8: Empires,XOne,2014,Action,Tecmo Koei,0.04,0.02,0,0.01,0.07
Toy Soldiers: War Chest,PS4,2015,Action,Ubisoft,0.06,0,0,0.01,0.07
Monster High: New Ghoul in School,PS3,2015,Action,Little Orbit,0,0.06,0,0.01,0.07
Just Dance: Disney Party 2,XOne,2015,Action,Ubisoft,0.05,0.01,0,0.01,0.07
Transformer: Rise of the Dark Spark,WiiU,2014,Action,Activision,0.05,0.01,0,0.01,0.07
The LEGO Movie Videogame,PC,2014,Action,Warner Bros. Interactive Entertainment,0.02,0.04,0,0.01,0.06
Legend of Kay,PS4,2015,Action,Nordic Games,0.02,0.03,0,0.01,0.06
Lego Batman 3: Beyond Gotham,PC,2014,Action,Warner Bros. Interactive Entertainment,0,0.06,0,0.01,0.06
Ratchet & Clank Collection,PSV,2014,Action,Sony Computer Entertainment,0,0.05,0,0.01,0.06
Song of the Deep,PS4,2016,Action,Insomniac Games,0.05,0,0,0.01,0.06
Devil's Third,WiiU,2015,Action,Nintendo,0.04,0.02,0,0.01,0.06
Terraria,PS4,2014,Action,505 Games,0,0.05,0.01,0.01,0.06
BlazBlue: Chrono Phantasma Extend,XOne,2015,Action,PQube,0.05,0.01,0,0.01,0.06
Darksiders II,XOne,2015,Action,Nordic Games,0.03,0.02,0,0.01,0.06
Murdered: Soul Suspect,PC,2014,Action,Square Enix,0,0.05,0,0.01,0.06
Nights of Azure,PS4,2015,Action,Tecmo Koei,0.03,0.02,0,0.01,0.06
NHL Legacy,X360,2015,Action,Electronic Arts,0.05,0,0,0.01,0.05
ZombiU,PS4,2016,Action,Ubisoft,0,0.04,0.01,0.01,0.05
Teenage Mutant Ninja Turtles: Mutants in Manhattan,PS3,2016,Action,Activision,0.01,0.03,0,0.01,0.05
Toy Soldiers: War Chest,XOne,2015,Action,Ubisoft,0.05,0,0,0.01,0.05
LEGO The Hobbit,PC,2014,Action,Warner Bros. Interactive Entertainment,0,0.04,0,0.01,0.05
Saints Row: Gat out of Hell,PS4,2015,Action,Deep Silver,0,0.04,0,0.01,0.05
Hitman (2016),PS4,2016,Action,Square Enix,0,0.04,0,0.01,0.04
Infamous: First Light,PS4,2014,Action,Sony Computer Entertainment,0,0.03,0,0.01,0.04
NHL Legacy,PS3,2015,Action,Electronic Arts,0.03,0,0,0.01,0.04
Aegis of Earth: Protonovus Assault,PSV,2016,Action,PQube,0.02,0.01,0,0.01,0.04
Assassin's Creed Chronicles: China,PS4,2015,Action,Ubisoft,0,0.03,0,0.01,0.04
Ghostbusters (2016),PS4,2016,Action,Activision,0.02,0,0,0.01,0.03
Let's Sing 2016,PS4,2015,Action,FuRyu Corporation,0.02,0,0,0.01,0.03
Until Dawn,PS4,2015,Adventure,Sony Computer Entertainment Europe,0.44,0.89,0.05,0.25,1.64
Rise of the Tomb Raider,XOne,2015,Adventure,Square Enix,0.53,0.64,0.02,0.1,1.3
Minecraft: Story Mode,X360,2015,Adventure,Mojang,0.46,0.38,0,0.08,0.91
Minecraft: Story Mode,PS3,2015,Adventure,Mojang,0.25,0.33,0,0.11,0.69
Minecraft: Story Mode,PS4,2015,Adventure,Mojang,0.23,0.33,0,0.11,0.67
Minecraft: Story Mode,XOne,2015,Adventure,Mojang,0.29,0.21,0,0.05,0.54
The Walking Dead: Season One,PS4,2014,Adventure,Telltale Games,0.12,0.25,0.01,0.08,0.45
Rise of the Tomb Raider,X360,2015,Adventure,Square Enix,0.17,0.19,0,0.03,0.4
Life is Strange,PS4,2016,Adventure,Square Enix,0.14,0.15,0.03,0.06,0.37
How to Train Your Dragon 2,Wii,2014,Adventure,Little Orbit,0.05,0.2,0,0.02,0.27
Sherlock Holmes: Crimes & Punishments,PS4,2014,Adventure,Focus Home Interactive,0.08,0.14,0,0.05,0.27
Teenage Mutant Ninja Turtles: Danger of the Ooze,PS3,2014,Adventure,Activision,0.11,0.11,0,0.05,0.27
How to Train Your Dragon 2,3DS,2014,Adventure,Little Orbit,0.04,0.19,0,0.02,0.25
Corpse Party: Blood Drive,PSV,2014,Adventure,Marvelous Interactive,0.11,0.03,0.06,0.05,0.24
The Walking Dead: Season Two,PS4,2014,Adventure,Telltale Games,0.1,0.09,0.01,0.04,0.24
The Walking Dead: Season Two,PS3,2014,Adventure,Telltale Games,0.09,0.09,0,0.04,0.22
Teenage Mutant Ninja Turtles: Danger of the Ooze,X360,2014,Adventure,Activision,0.11,0.09,0,0.02,0.22
The Wolf Among Us,PS4,2014,Adventure,Telltale Games,0.1,0.07,0,0.03,0.21
How to Train Your Dragon 2,X360,2014,Adventure,Little Orbit,0.05,0.13,0,0.02,0.2
Back to the Future: The Game,PS4,2015,Adventure,Telltale Games,0.1,0.04,0,0.03,0.17
The Walking Dead: Season One,XOne,2014,Adventure,Telltale Games,0.08,0.06,0,0.01,0.16
The Walking Dead: Season Two,PSV,2014,Adventure,Telltale Games,0.1,0,0.01,0.03,0.15
Code:Realize - Sousei no Himegimi,PSV,2014,Adventure,Idea Factory,0.09,0,0.03,0.03,0.15
The Walking Dead: Season Two,XOne,2014,Adventure,Telltale Games,0.08,0.05,0,0.01,0.14
Teenage Mutant Ninja Turtles: Danger of the Ooze,3DS,2014,Adventure,Activision,0.08,0.04,0,0.01,0.13
How to Train Your Dragon 2,PS3,2014,Adventure,Little Orbit,0.03,0.08,0,0.02,0.13
Brothers: A Tale of Two Sons,PS4,2015,Adventure,505 Games,0.03,0.08,0,0.02,0.13
The Walking Dead: Season Two,X360,2014,Adventure,Telltale Games,0.04,0.07,0,0.01,0.12
Life is Strange,XOne,2016,Adventure,Square Enix,0.08,0.02,0,0.01,0.11
Pac-Man and the Ghostly Adventures 2,X360,2014,Adventure,Namco Bandai Games,0.05,0.05,0,0.01,0.11
Pac-Man and the Ghostly Adventures 2,PS3,2014,Adventure,Namco Bandai Games,0.05,0.04,0,0.02,0.11
The Wolf Among Us,PS3,2014,Adventure,Telltale Games,0.05,0.03,0,0.02,0.1
Rise of the Tomb Raider,PC,2016,Adventure,Square Enix,0,0.09,0,0.01,0.1
How to Train Your Dragon 2,WiiU,2014,Adventure,Little Orbit,0.04,0.05,0,0.01,0.09
Pac-Man and the Ghostly Adventures 2,3DS,2014,Adventure,Namco Bandai Games,0.03,0.05,0,0.01,0.08
Sherlock Holmes: Crimes & Punishments,XOne,2014,Adventure,Focus Home Interactive,0.03,0.04,0,0.01,0.08
Sherlock Holmes: Crimes & Punishments,PS3,2014,Adventure,Focus Home Interactive,0.03,0.04,0,0.01,0.08
Minecraft: Story Mode,PC,2015,Adventure,Mojang,0.02,0.05,0,0.01,0.08
The Wolf Among Us,XOne,2014,Adventure,Telltale Games,0.05,0.02,0,0.01,0.07
Pac-Man and the Ghostly Adventures 2,WiiU,2014,Adventure,Namco Bandai Games,0.05,0.02,0,0.01,0.07
The Wolf Among Us,PSV,2014,Adventure,Telltale Games,0.05,0,0,0.02,0.07
The Book of Unwritten Tales 2,PS4,2015,Adventure,Nordic Games,0,0.06,0,0.01,0.07
Broken Sword 5: The Serpent's Curse,PS4,2015,Adventure,Revolution Software,0,0.06,0,0.01,0.06
Sherlock Holmes: Crimes & Punishments,X360,2014,Adventure,Focus Home Interactive,0.03,0.03,0,0.01,0.06
Zero Escape: Zero Time Dilemma,3DS,2016,Adventure,Aksys Games,0.04,0,0.01,0.01,0.06
Zero Escape: Zero Time Dilemma,PSV,2016,Adventure,Aksys Games,0.03,0,0.02,0.01,0.06
Game of Thrones (Telltale),PS3,2015,Adventure,Telltale Games,0.02,0.03,0,0.01,0.06
Goosebumps: The Game,3DS,2015,Adventure,WayForward Technologies,0.05,0,0,0.01,0.05
Game of Thrones (Telltale),PS4,2015,Adventure,Telltale Games,0.04,0,0,0.01,0.05
Batman: A Telltale Game Series,PS4,2016,Adventure,Telltale Games,0.01,0.02,0,0.01,0.04
Xblaze: Lost Memories,PSV,2015,Adventure,Arc System Works,0.02,0,0,0.01,0.03
Super Smash Bros. for Wii U and 3DS,3DS,2014,Fighting,Nintendo,3.24,1.35,2.42,0.43,7.45
Super Smash Bros. for Wii U and 3DS,WiiU,2014,Fighting,Nintendo,2.59,1.06,0.8,0.57,5.02
Mortal Kombat X,PS4,2015,Fighting,Warner Bros. Interactive Entertainment,1.47,0.76,0,0.47,2.7
Mortal Kombat X,XOne,2015,Fighting,Warner Bros. Interactive Entertainment,1,0.21,0,0.13,1.35
Naruto Shippuden: Ultimate Ninja Storm 4,PS4,2016,Fighting,Namco Bandai Games,0.39,0.41,0.1,0.16,1.06
Dragon Ball: XenoVerse,PS4,2015,Fighting,Namco Bandai Games,0.3,0.48,0.12,0.15,1.05
Pokken Tournament,WiiU,2016,Fighting,Namco Bandai Games,0.47,0.22,0.16,0.07,0.93
Street Fighter V,PS4,2016,Fighting,Capcom,0.35,0.26,0.08,0.13,0.82
Dragon Ball: XenoVerse,PS3,2015,Fighting,Namco Bandai Games,0.15,0.2,0.14,0.07,0.55
Naruto Shippuden: Ultimate Ninja Storm Revolution,PS3,2014,Fighting,Namco Bandai Games,0.15,0.16,0.09,0.08,0.47
Dead or Alive 5,PS4,2015,Fighting,Tecmo Koei,0.09,0.13,0.08,0.04,0.33
Dragon Ball Z: Battle of Z,PS3,2014,Fighting,Namco Bandai Games,0.1,0.11,0.06,0.05,0.33
Dragon Ball Z: Extreme Butoden,3DS,2015,Fighting,Namco Bandai Games,0.12,0.03,0.16,0.02,0.33
J Stars Victory Vs.,PS3,2014,Fighting,Namco Bandai Games,0.04,0.06,0.2,0.02,0.32
Dragon Ball: XenoVerse,XOne,2015,Fighting,Namco Bandai Games,0.18,0.11,0,0.03,0.31
One Piece: Burning Blood,PS4,2016,Fighting,Namco Bandai Games,0.1,0.08,0.07,0.04,0.28
Naruto Shippuden: Ultimate Ninja Storm 4,XOne,2016,Fighting,Namco Bandai Games,0.19,0.06,0,0.03,0.28
Dragon Ball: XenoVerse,X360,2015,Fighting,Namco Bandai Games,0.16,0.08,0,0.02,0.27
J Stars Victory Vs.,PSV,2014,Fighting,Namco Bandai Games,0,0.07,0.17,0.02,0.26
J Stars Victory Vs.,PS4,2015,Fighting,Namco Bandai Games,0.07,0.14,0,0.04,0.25
Naruto Shippuden: Ultimate Ninja Storm Revolution,X360,2014,Fighting,Namco Bandai Games,0.13,0.08,0,0.02,0.23
Guilty Gear Xrd: Sign,PS3,2014,Fighting,Arc System Works,0.09,0,0.07,0.02,0.18
Dengeki Bunko Fighting Climax,PSV,2014,Fighting,Sega,0.08,0,0.07,0.03,0.18
Dengeki Bunko Fighting Climax,PS3,2014,Fighting,Sega,0.05,0,0.09,0.01,0.16
Guilty Gear Xrd: Sign,PS4,2014,Fighting,Arc System Works,0.1,0,0.04,0.02,0.16
Saint Seiya: Soldiers' Soul,PS4,2015,Fighting,Namco Bandai Games,0,0.09,0.04,0.02,0.15
Under Night In-Birth,PS3,2014,Fighting,Nippon Ichi Software,0.06,0.02,0.04,0.02,0.13
Dragon Ball Z: Battle of Z,PSV,2014,Fighting,Namco Bandai Games,0,0.04,0.06,0.02,0.12
One Piece: Burning Blood,PSV,2016,Fighting,Namco Bandai Games,0,0.03,0.07,0.01,0.11
BlazBlue: Chrono Phantasma,PSV,2014,Fighting,Arc System Works,0.06,0,0.03,0.02,0.11
Digimon All-Star Rumble,PS3,2014,Fighting,Namco Bandai Games,0.06,0.03,0,0.02,0.1
Ultra Street Fighter IV,PS4,2015,Fighting,Capcom,0,0.08,0,0.01,0.1
The King of Fighters XIV,PS4,2016,Fighting,Deep Silver,0.04,0.01,0.03,0.01,0.09
Dead or Alive 5,XOne,2015,Fighting,Tecmo Koei,0.04,0.03,0.01,0.01,0.08
Persona 4: Arena Ultimax,X360,2014,Fighting,Atlus,0.06,0.01,0,0.01,0.08
Dragon Ball Z: Battle of Z,X360,2014,Fighting,Namco Bandai Games,0.01,0.06,0,0.01,0.08
Guilty Gear Xrd -Revelator-,PS3,2016,Fighting,PQube,0.01,0.02,0.02,0.01,0.07
Digimon All-Star Rumble,X360,2014,Fighting,Namco Bandai Games,0.04,0.01,0,0.01,0.06
Arcana Heart 3,PSV,2014,Fighting,Arc System Works,0.03,0,0.02,0.01,0.06
Minecraft,PS3,2014,Misc,Sony Computer Entertainment,1.97,2.51,0,0.94,5.42
Minecraft,PS4,2014,Misc,Sony Computer Entertainment Europe,1.38,1.87,0.12,0.65,4.02
Minecraft,XOne,2014,Misc,Microsoft Game Studios,1.43,0.76,0,0.22,2.41
Just Dance 2015,Wii,2014,Misc,Ubisoft,1.11,0.98,0,0.2,2.28
Minecraft,PSV,2014,Misc,Sony Computer Entertainment Europe,0.28,0.79,0.87,0.32,2.25
Mario Party 10,WiiU,2015,Misc,Nintendo,0.69,0.5,0.24,0.11,1.55
Just Dance 2016,Wii,2015,Misc,Ubisoft,0.52,0.59,0,0.1,1.2
Guitar Hero Live,PS4,2015,Misc,Activision,0.32,0.35,0,0.13,0.81
Rare Replay,XOne,2015,Misc,Microsoft Game Studios,0.47,0.21,0.01,0.07,0.75
Just Dance 2015,WiiU,2014,Misc,Ubisoft,0.4,0.28,0,0.07,0.75
Nintendo Presents: New Style Boutique 2 - Fashion Forward,3DS,2015,Misc,Nintendo,0.01,0.61,0.02,0.04,0.69
Just Dance 2015,X360,2014,Misc,Ubisoft,0.41,0.16,0,0.06,0.63
Rocksmith 2014,PS4,2014,Misc,Ubisoft,0.34,0.17,0,0.11,0.62
Just Dance 2016,WiiU,2015,Misc,Ubisoft,0.28,0.25,0,0.05,0.58
Just Dance 2015,XOne,2014,Misc,Ubisoft,0.35,0.13,0,0.05,0.53
Guitar Hero Live,XOne,2015,Misc,Activision,0.29,0.17,0,0.05,0.51
Pokemon Art Academy,3DS,2014,Misc,Nintendo,0.18,0.12,0.16,0.03,0.49
Persona 4: Dancing All Night,PSV,2015,Misc,Nippon Ichi Software,0.13,0.1,0.15,0.07,0.46
Rock Band 4,XOne,2015,Misc,Harmonix Music Systems,0.35,0.04,0,0.04,0.43
Minecraft,WiiU,2016,Misc,Microsoft Game Studios,0.18,0.09,0.14,0.03,0.43
Animal Crossing: Amiibo Festival,WiiU,2015,Misc,Nintendo,0.19,0.11,0.09,0.03,0.42
Hatsune Miku: Project Diva F 2nd,PSV,2014,Misc,Sega,0.13,0.06,0.16,0.06,0.4
Rocksmith 2014,XOne,2014,Misc,Ubisoft,0.29,0.08,0,0.04,0.4
Just Dance 2015,PS4,2014,Misc,Ubisoft,0.19,0.13,0,0.06,0.38
Theatrhythm Final Fantasy: Curtain Call,3DS,2014,Misc,Square Enix,0.13,0.08,0.15,0.02,0.37
Rock Band 4,PS4,2015,Misc,Harmonix Music Systems,0.25,0.05,0,0.07,0.37
Just Dance 2016,X360,2015,Misc,Ubisoft,0.23,0.1,0,0.03,0.36
Just Dance 2016,PS4,2015,Misc,Ubisoft,0.16,0.13,0,0.06,0.35
Just Dance 2016,XOne,2015,Misc,Ubisoft,0.24,0.04,0,0.03,0.32
Hatsune Miku: Project Mirai DX,3DS,2015,Misc,Sega,0.15,0.04,0.1,0.02,0.31
Guitar Hero Live,PS3,2015,Misc,Activision,0.09,0.14,0,0.05,0.28
Just Dance 2015,PS3,2014,Misc,Ubisoft,0.12,0.11,0,0.05,0.28
Danganronpa 2: Goodbye Despair,PSV,2014,Misc,Nippon Ichi Software,0.13,0.07,0,0.06,0.26
Hatsune Miku: Project Diva F 2nd,PS3,2014,Misc,Sega,0.09,0.04,0.1,0.03,0.25
Guitar Hero Live,X360,2015,Misc,Activision,0.12,0.1,0,0.02,0.24
Just Dance 2016,PS3,2015,Misc,Ubisoft,0.1,0.08,0,0.04,0.22
Singstar: Ultimate Party,PS4,2014,Misc,Sony Computer Entertainment Europe,0,0.16,0,0.03,0.19
Shape Up,XOne,2014,Misc,Ubisoft,0.08,0.09,0,0.01,0.18
Guitar Hero Live,WiiU,2015,Misc,Activision,0.12,0.04,0,0.02,0.18
Project Spark,XOne,2014,Misc,Microsoft Game Studios,0.11,0.05,0,0.02,0.17
Fantasia: Music Evolved,XOne,2014,Misc,Disney Interactive Studios,0.11,0.03,0,0.01,0.15
Singstar: Ultimate Party,PS3,2014,Misc,Sony Computer Entertainment Europe,0,0.12,0,0.02,0.14
Hasbro Family Fun Pack,XOne,2015,Misc,Ubisoft,0.1,0.02,0,0.01,0.13
Fantasia: Music Evolved,X360,2014,Misc,Disney Interactive Studios,0.05,0.01,0,0.01,0.07
Super Mario Maker,WiiU,2015,Platform,Nintendo,1.18,0.87,0.93,0.2,3.18
LittleBigPlanet 3,PS4,2014,Platform,Sony Computer Entertainment,0.64,0.92,0.01,0.29,1.86
Kirby: Triple Deluxe,3DS,2014,Platform,Nintendo,0.61,0.34,0.79,0.09,1.82
Donkey Kong Country: Tropical Freeze,WiiU,2014,Platform,Nintendo,0.73,0.52,0.15,0.12,1.52
Yoshi's New Island,3DS,2014,Platform,Nintendo,0.47,0.51,0.28,0.09,1.36
Yoshi's Woolly World,WiiU,2015,Platform,Nintendo,0.61,0.47,0.11,0.1,1.29
Ratchet & Clank (2016),PS4,2016,Platform,Sony Computer Entertainment,0.32,0.64,0.04,0.18,1.17
Rayman Legends,PS4,2014,Platform,Ubisoft,0.21,0.61,0,0.18,1.01
LittleBigPlanet 3,PS3,2014,Platform,Sony Computer Entertainment,0.2,0.43,0.01,0.11,0.75
Kirby and the Rainbow Curse,WiiU,2015,Platform,Nintendo,0.23,0.14,0.12,0.04,0.53
Rayman Legends,XOne,2014,Platform,Ubisoft,0.13,0.18,0,0.03,0.34
Mirror's Edge Catalyst,PS4,2016,Platform,Electronic Arts,0.1,0.14,0.02,0.06,0.32
Tearaway Unfolded,PS4,2015,Platform,Sony Computer Entertainment,0.09,0.12,0,0.04,0.25
Chibi-Robo! Zip Lash,3DS,2015,Platform,Nintendo,0.09,0.08,0.06,0.02,0.24
Rayman Legends,PSV,2014,Platform,Ubisoft,0.03,0.12,0,0.05,0.21
Mega Man Legacy Collection,3DS,2016,Platform,Capcom,0.13,0,0.05,0.02,0.2
Mirror's Edge Catalyst,XOne,2016,Platform,Electronic Arts,0.08,0.05,0,0.02,0.15
Shovel Knight,3DS,2015,Platform,Yacht Club Games,0.07,0.04,0.01,0.01,0.13
Shovel Knight,WiiU,2015,Platform,Yacht Club Games,0.06,0.04,0,0.01,0.11
SpongeBob: HeroPants,X360,2015,Platform,Activision,0.08,0,0,0.01,0.09
Shovel Knight,PS4,2015,Platform,Yacht Club Games,0.03,0.03,0,0.01,0.08
Mega Man Legacy Collection,PS4,2016,Platform,Capcom,0.06,0,0,0.01,0.07
SpongeBob: HeroPants,PSV,2015,Platform,Activision,0.03,0.01,0,0.01,0.05
Mirror's Edge Catalyst,PC,2016,Platform,Electronic Arts,0.01,0.03,0,0.01,0.05
Mighty No. 9,PS4,2016,Platform,Deep Silver,0.04,0,0,0.01,0.05
Captain Toad: Treasure Tracker,WiiU,2014,Puzzle,Nintendo,0.56,0.36,0.19,0.09,1.19
Puzzle & Dragons Z + Super Mario Bros. Edition,3DS,2015,Puzzle,Nintendo,0.05,0.05,0.34,0.01,0.46
Cut the Rope,3DS,2014,Puzzle,Activision,0.06,0,0,0.01,0.07
Mario Kart 8,WiiU,2014,Racing,Nintendo,3.13,2.07,1.27,0.49,6.96
Need for Speed (2015),PS4,2015,Racing,Electronic Arts,0.49,1.49,0.05,0.36,2.39
DriveClub,PS4,2014,Racing,Sony Computer Entertainment,0.35,1.31,0.02,0.33,2
Forza Motorsport 6,XOne,2015,Racing,Microsoft Game Studios,0.69,0.89,0.03,0.14,1.74
The Crew,PS4,2014,Racing,Ubisoft,0.34,1.08,0.03,0.26,1.7
Forza Horizon 2,XOne,2014,Racing,Microsoft Game Studios,0.5,0.78,0.01,0.09,1.37
Project CARS,PS4,2015,Racing,Slightly Mad Studios,0.17,0.69,0.02,0.15,1.04
Forza Horizon 2,X360,2014,Racing,Microsoft Game Studios,0.35,0.43,0,0.07,0.85
Need for Speed (2015),XOne,2015,Racing,Electronic Arts,0.3,0.33,0,0.06,0.68
F1 2015,PS4,2015,Racing,Codemasters,0.09,0.44,0.03,0.09,0.66
The Crew,XOne,2014,Racing,Ubisoft,0.24,0.34,0,0.05,0.63
F1 2014,PS3,2014,Racing,Codemasters,0.07,0.31,0.02,0.08,0.49
Trials Fusion,PS4,2014,Racing,Ubisoft,0.13,0.21,0.01,0.08,0.43
Forza Horizon 3,XOne,2016,Racing,Microsoft Game Studios,0.15,0.2,0,0.03,0.38
DiRT Rally,PS4,2016,Racing,Codemasters,0.03,0.24,0,0.05,0.32
F1 2016 (Codemasters),PS4,2016,Racing,Codemasters,0.01,0.21,0.01,0.04,0.27
The Crew,X360,2014,Racing,Ubisoft,0.06,0.18,0,0.02,0.26
F1 2014,X360,2014,Racing,Codemasters,0.08,0.15,0,0.02,0.26
Trials Fusion,XOne,2014,Racing,Ubisoft,0.12,0.1,0,0.02,0.24
F1 2015,XOne,2015,Racing,Codemasters,0.08,0.15,0,0.02,0.24
Project CARS,XOne,2015,Racing,Slightly Mad Studios,0.08,0.13,0,0.02,0.23
Ride,PS4,2015,Racing,Milestone S.r.l.,0.03,0.13,0.03,0.03,0.22
GRID Autosport,PS3,2014,Racing,Codemasters,0.05,0.11,0.01,0.04,0.21
MotoGP 14,PS4,2014,Racing,Milestone S.r.l.,0.04,0.11,0,0.04,0.18
MotoGP 15,PS4,2015,Racing,Milestone S.r.l.,0,0.12,0.03,0.02,0.17
NASCAR '14,X360,2014,Racing,Deep Silver,0.15,0,0,0.01,0.16
The Crew,PC,2014,Racing,Ubisoft,0,0.15,0,0.01,0.16
MotoGP 14,PS3,2014,Racing,Milestone S.r.l.,0.04,0.06,0,0.02,0.12
DiRT Rally,XOne,2016,Racing,Codemasters,0.03,0.08,0,0.01,0.11
Project CARS,PC,2015,Racing,Slightly Mad Studios,0,0.1,0,0.01,0.11
GRID Autosport,X360,2014,Racing,Codemasters,0.03,0.06,0,0.01,0.1
NASCAR '14,PS3,2014,Racing,Deep Silver,0.09,0,0,0.01,0.1
F1 2014,PC,2014,Racing,Codemasters,0,0.09,0,0.01,0.1
Ride,XOne,2015,Racing,Milestone S.r.l.,0.04,0.05,0,0.01,0.1
MotoGP 14,X360,2014,Racing,Milestone S.r.l.,0.04,0.04,0,0.01,0.09
F1 2016 (Codemasters),XOne,2016,Racing,Codemasters,0.01,0.07,0,0.01,0.09
MX vs. ATV Supercross,X360,2014,Racing,Nordic Games,0.03,0.05,0,0.01,0.08
Ride,PS3,2015,Racing,Milestone S.r.l.,0,0.06,0.01,0.01,0.08
MXGP 2,PS4,2016,Racing,Milestone S.r.l.,0.02,0.05,0,0.01,0.08
MotoGP 15,PS3,2015,Racing,Milestone S.r.l.,0,0.03,0.03,0.01,0.07
Valentino Rossi: The Game,PS4,2016,Racing,Namco Bandai Games,0.01,0.05,0,0.01,0.06
Assetto Corsa,PS4,2016,Racing,505 Games,0,0.04,0,0.01,0.05
S??bastien Loeb Rally Evo,PS4,2016,Racing,Milestone S.r.l,0,0.04,0,0.01,0.04
MX vs. ATV Supercross,PS3,2014,Racing,Nordic Games,0.02,0.01,0,0.01,0.03
NASCAR Heat Evolution,PS4,2016,Racing,Dusenberry Martin Racing,0.03,0,0,0.01,0.03
Pokemon Omega Ruby/Pokemon Alpha Sapphire,3DS,2014,Role-Playing,Nintendo,4.23,3.37,3.08,0.65,11.33
Fallout 4,PS4,2015,Role-Playing,Bethesda Softworks,2.47,3.15,0.24,1.1,6.96
Fallout 4,XOne,2015,Role-Playing,Bethesda Softworks,2.45,1.26,0.01,0.37,4.09
Monster Hunter 4 Ultimate,3DS,2014,Role-Playing,Nintendo,0.67,0.49,2.62,0.11,3.89
The Witcher 3: Wild Hunt,PS4,2015,Role-Playing,Namco Bandai Games,0.96,2,0.21,0.56,3.73
Dragon Age: Inquisition,PS4,2014,Role-Playing,Electronic Arts,0.72,0.86,0.08,0.32,1.97
Diablo III,PS4,2014,Role-Playing,Activision,0.49,0.88,0.06,0.3,1.74
The Elder Scrolls Online,PS4,2015,Role-Playing,Bethesda Softworks,0.66,0.78,0,0.28,1.72
Dark Souls III,PS4,2016,Role-Playing,Namco Bandai Games,0.58,0.44,0.33,0.21,1.56
Fire Emblem Fates,3DS,2015,Role-Playing,Nintendo,0.71,0.22,0.52,0.1,1.54
Dark Souls II,PS3,2014,Role-Playing,Namco Bandai Games,0.4,0.36,0.4,0.17,1.32
Kingdom Hearts II,PS3,2014,Role-Playing,Square Enix,0.52,0.43,0.18,0.19,1.32
The Elder Scrolls Online,XOne,2015,Role-Playing,Bethesda Softworks,0.77,0.38,0,0.12,1.27
The Witcher 3: Wild Hunt,XOne,2015,Role-Playing,Namco Bandai Games,0.66,0.47,0,0.11,1.24
Fallout 4,PC,2015,Role-Playing,Bethesda Softworks,0.5,0.63,0,0.1,1.23
Pokemon Super Mystery Dungeon,3DS,2015,Role-Playing,Nintendo,0.46,0.31,0.33,0.08,1.19
South Park: The Stick of Truth,PS3,2014,Role-Playing,Ubisoft,0.42,0.38,0,0.17,0.98
Final Fantasy Type-0,PS4,2015,Role-Playing,Square Enix,0.37,0.32,0.15,0.14,0.97
South Park: The Stick of Truth,X360,2014,Role-Playing,Ubisoft,0.57,0.3,0,0.08,0.95
Dragon Age: Inquisition,XOne,2014,Role-Playing,Electronic Arts,0.55,0.28,0,0.07,0.91
The Elder Scrolls Online,PC,2014,Role-Playing,Bethesda Softworks,0.32,0.48,0,0.09,0.9
Xenoblade Chronicles X,WiiU,2015,Role-Playing,Nintendo,0.36,0.28,0.14,0.06,0.84
Freedom Wars,PSV,2014,Role-Playing,Sony Computer Entertainment,0.22,0.14,0.32,0.1,0.77
Dark Souls II,X360,2014,Role-Playing,Namco Bandai Games,0.48,0.2,0.01,0.06,0.76
Mario & Luigi: Paper Jam,3DS,2015,Role-Playing,Nintendo,0.16,0.3,0.25,0.04,0.74
Dragon Age: Inquisition,PC,2014,Role-Playing,Electronic Arts,0.32,0.34,0,0.07,0.73
Final Fantasy XIV: A Realm Reborn,PS4,2014,Role-Playing,Square Enix,0.32,0.22,0.08,0.1,0.72
Persona Q: Shadow of the Labyrinth,3DS,2014,Role-Playing,Nippon Ichi Software,0.33,0.07,0.27,0.04,0.71
Final Fantasy X/X-2 HD Remaster,PS4,2015,Role-Playing,Square Enix,0.29,0.25,0.06,0.11,0.71
The Witcher 3: Wild Hunt,PC,2015,Role-Playing,Namco Bandai Games,0.2,0.42,0,0.05,0.67
Dragon Age: Inquisition,PS3,2014,Role-Playing,Electronic Arts,0.26,0.23,0.05,0.1,0.65
Diablo III,XOne,2014,Role-Playing,Activision,0.35,0.24,0,0.05,0.64
Tales of Zestiria,PS3,2015,Role-Playing,Namco Bandai Games,0.05,0.09,0.42,0.03,0.59
Dark Souls II,PS4,2015,Role-Playing,Namco Bandai Games,0.2,0.22,0.08,0.08,0.59
Xenoblade Chronicles,3DS,2015,Role-Playing,Nintendo,0.26,0.14,0.12,0.04,0.56
Dragon Age: Inquisition,X360,2014,Role-Playing,Electronic Arts,0.35,0.16,0,0.05,0.55
Final Fantasy Explorers,3DS,2014,Role-Playing,Square Enix,0.15,0.07,0.28,0.02,0.52
Lords of the Fallen,PS4,2014,Role-Playing,Square Enix,0.17,0.23,0.02,0.09,0.51
Fable,X360,2014,Role-Playing,Microsoft Game Studios,0.25,0.19,0.01,0.04,0.48
Bravely Second: End Layer,3DS,2015,Role-Playing,Nintendo,0.16,0.11,0.18,0.03,0.47
Sword Art Online: Lost Song,PSV,2015,Role-Playing,Namco Bandai Games,0.08,0.1,0.23,0.05,0.46
Tales of Zestiria,PS4,2015,Role-Playing,Namco Bandai Games,0.16,0.15,0.02,0.06,0.38
Dark Souls III,XOne,2016,Role-Playing,Namco Bandai Games,0.23,0.09,0,0.03,0.35
Fossil Fighters: Frontier,3DS,2014,Role-Playing,Nintendo,0.08,0.04,0.23,0.01,0.35
Deus Ex: Mankind Divided,PS4,2016,Role-Playing,Square Enix,0.1,0.18,0,0.05,0.33
Star Ocean 5: Integrity and Faithlessness,PS4,2016,Role-Playing,Square Enix,0.06,0.07,0.14,0.02,0.3
World of Warcraft: Legion,PC,2016,Role-Playing,Activision,0.14,0.12,0,0.02,0.29
Divinity: Original Sin,PS4,2015,Role-Playing,Focus Home Interactive,0.09,0.12,0.02,0.04,0.27
Disgaea 5: Alliance of Vengeance,PS4,2015,Role-Playing,Nippon Ichi Software,0.1,0.08,0.06,0.04,0.27
Final Fantasy Type-0,XOne,2015,Role-Playing,Square Enix,0.15,0.07,0,0.02,0.25
The Legend of Legacy,3DS,2015,Role-Playing,FuRyu,0.11,0.02,0.1,0.01,0.25
Stella Glow,3DS,2015,Role-Playing,Atlus,0.16,0.01,0.05,0.02,0.24
Etrian Mystery Dungeon,3DS,2015,Role-Playing,Nippon Ichi Software,0.09,0.01,0.12,0.01,0.23
Sword Art Online: Lost Song,PS4,2015,Role-Playing,Namco Bandai Games,0.09,0.1,0,0.04,0.23
Dark Souls II,XOne,2015,Role-Playing,Namco Bandai Games,0.13,0.07,0,0.02,0.22
Shin Megami Tensei x Fire Emblem,WiiU,2015,Role-Playing,Nintendo,0.1,0.04,0.06,0.01,0.22
Lords of the Fallen,XOne,2014,Role-Playing,Square Enix,0.1,0.1,0,0.02,0.22
Atelier Shallie: Alchemists of the Dusk Sea,PS3,2014,Role-Playing,Tecmo Koei,0.06,0.05,0.08,0.02,0.2
South Park: The Stick of Truth,PC,2014,Role-Playing,Ubisoft,0.07,0.1,0,0.02,0.2
Bound By Flame,PS4,2014,Role-Playing,Focus Home Interactive,0.07,0.08,0,0.04,0.19
Hyperdevotion Noire: Goddess Black Heart,PSV,2014,Role-Playing,Idea Factory,0.08,0.02,0.06,0.03,0.19
Dungeon Travelers 2: The Royal Library & The Monster Seal,PSV,2014,Role-Playing,Atlus,0.07,0.03,0.05,0.03,0.18
Odin Sphere: Leifthrasir,PS4,2016,Role-Playing,Nippon Ichi Software,0.06,0.03,0.07,0.02,0.18
Dark Souls II,PC,2014,Role-Playing,Namco Bandai Games,0.08,0.08,0,0.02,0.18
Disgaea 4: A Promise Unforgotten,PSV,2014,Role-Playing,Nippon Ichi Software,0.04,0.04,0.08,0.02,0.18
Valkyria Chronicles,PS4,2016,Role-Playing,Sega,0.06,0.04,0.05,0.02,0.17
Wildstar,PC,2014,Role-Playing,NCSoft,0.08,0.07,0,0.02,0.17
Project X Zone 2: Brave New World,3DS,2015,Role-Playing,Namco Bandai Games,0.04,0.04,0.08,0.01,0.17
Ar Nosurge: Ode to an Unborn Star,PS3,2014,Role-Playing,Tecmo Koei,0.05,0.04,0.06,0.02,0.16
The Legend of Heroes: Trails of Cold Steel II,PSV,2014,Role-Playing,Nippon Ichi Software,0.02,0,0.13,0.01,0.15
Odin Sphere: Leifthrasir,PSV,2016,Role-Playing,Nippon Ichi Software,0.02,0.03,0.08,0.02,0.15
Deus Ex: Mankind Divided,XOne,2016,Role-Playing,Square Enix,0.08,0.06,0,0.01,0.15
Lost Dimension,PSV,2014,Role-Playing,Nippon Ichi Software,0.07,0.03,0.02,0.03,0.14
Operation Abyss: New Tokyo Legacy,PSV,2014,Role-Playing,Nippon Ichi Software,0.04,0.01,0.06,0.02,0.13
Sacred 3,PS3,2014,Role-Playing,Deep Silver,0.03,0.05,0.02,0.02,0.12
Makai Shin Trillion,PSV,2014,Role-Playing,Idea Factory,0.02,0.02,0.06,0.01,0.12
Tokyo Twilight Ghost Hunters,PSV,2014,Role-Playing,Aksys Games,0.06,0.01,0.02,0.02,0.12
Sword Art Online: Hollow Fragment,PS4,2015,Role-Playing,Namco Bandai Games,0,0.1,0,0.02,0.12
Digimon Story: Cyber Sleuth,PS4,2016,Role-Playing,Namco Bandai Games,0,0.09,0,0.02,0.11
Child of Light,PSV,2014,Role-Playing,Ubisoft,0,0.07,0.02,0.02,0.11
Risen 3: Titan Lords,PS3,2014,Role-Playing,Deep Silver,0.02,0.06,0,0.02,0.1
Wasteland 2,PS4,2015,Role-Playing,Deep Silver,0.07,0,0.01,0.02,0.1
Atelier Sophie: The Alchemist of the Mysterious Book,PS4,2015,Role-Playing,Tecmo Koei,0.01,0.02,0.06,0.01,0.1
Wasteland 2,PC,2015,Role-Playing,inXile Entertainment,0.02,0.06,0,0.01,0.1
Natural Doctrine,PS4,2014,Role-Playing,Nippon Ichi Software,0.05,0.02,0.02,0.01,0.1
Risen 3: Titan Lords,PC,2014,Role-Playing,Deep Silver,0,0.08,0,0.01,0.09
Etrian Odyssey 2 Untold: Knight of Fafnir,3DS,2014,Role-Playing,Atlus,0.07,0.02,0,0.01,0.09
Natural Doctrine,PSV,2014,Role-Playing,Nippon Ichi Software,0.03,0.02,0.03,0.01,0.08
Risen 3: Titan Lords,X360,2014,Role-Playing,Deep Silver,0.02,0.06,0,0.01,0.08
The Witch and the Hundred Knight,PS4,2015,Role-Playing,Nippon Ichi Software,0.02,0.01,0.05,0.01,0.08
Lost Dimension,PS3,2014,Role-Playing,Nippon Ichi Software,0.05,0.01,0,0.01,0.08
Grand Kingdom,PSV,2015,Role-Playing,Nippon Ichi Software,0.01,0.02,0.04,0.01,0.07
Divinity: Original Sin,XOne,2015,Role-Playing,Focus Home Interactive,0.04,0.02,0,0.01,0.07
Transformer: Rise of the Dark Spark (3DS),3DS,2014,Role-Playing,Activision,0.05,0.01,0,0.01,0.07
Risen 3: Titan Lords,PS4,2015,Role-Playing,Deep Silver,0,0.05,0,0.01,0.06
Odin Sphere: Leifthrasir,PS3,2016,Role-Playing,Nippon Ichi Software,0.01,0.02,0.03,0.01,0.06
Sacred 3,X360,2014,Role-Playing,Deep Silver,0.03,0.03,0,0.01,0.06
Tokyo Twilight Ghost Hunters,PS3,2014,Role-Playing,Aksys Games,0.03,0,0.02,0.01,0.06
Arcania: Gothic 4,PS4,2015,Role-Playing,Nordic Games,0.04,0,0,0.01,0.05
Natural Doctrine,PS3,2014,Role-Playing,Nippon Ichi Software,0.03,0.01,0.01,0.01,0.05
Stranger of Sword City,PSV,2015,Role-Playing,Nippon Ichi Software,0.02,0.02,0,0.01,0.05
The Technomancer,PS4,2016,Role-Playing,Focus Home Interactive,0.01,0.03,0,0.01,0.05
Ragnarok Odyssey,PS3,2014,Role-Playing,GungHo,0.03,0.01,0,0.01,0.04
Call of Duty: Black Ops 3,PS4,2015,Shooter,Activision,5.77,5.81,0.35,2.31,14.24
Star Wars Battlefront (2015),PS4,2015,Shooter,Electronic Arts,2.93,3.29,0.22,1.23,7.67
Call of Duty: Advanced Warfare,PS4,2014,Shooter,Activision,2.8,3.3,0.14,1.37,7.6
Call of Duty: Black Ops 3,XOne,2015,Shooter,Activision,4.52,2.09,0.01,0.67,7.3
Destiny,PS4,2014,Shooter,Activision,2.49,2.05,0.16,0.96,5.65
Call of Duty: Advanced Warfare,XOne,2014,Shooter,Activision,3.21,1.53,0.01,0.38,5.13
Splatoon,WiiU,2015,Shooter,Nintendo,1.55,1.15,1.44,0.43,4.57
Call of Duty: Advanced Warfare,PS3,2014,Shooter,Activision,1.54,1.94,0.19,0.77,4.45
Call of Duty: Advanced Warfare,X360,2014,Shooter,Activision,2.75,1.18,0,0.37,4.31
Halo 5: Guardians,XOne,2015,Shooter,Microsoft Game Studios,2.64,1.2,0.03,0.39,4.26
Uncharted 4: A Thief's End,PS4,2016,Shooter,Sony Computer Entertainment,1.3,2.07,0.18,0.65,4.2
Far Cry 4,PS4,2014,Shooter,Ubisoft,1.12,2.12,0.1,0.69,4.03
Tom Clancy's The Division,PS4,2016,Shooter,Ubisoft,1.28,1.61,0.15,0.57,3.61
Star Wars Battlefront (2015),XOne,2015,Shooter,Electronic Arts,1.94,1.22,0.02,0.31,3.49
Destiny,XOne,2014,Shooter,Activision,2.13,0.92,0,0.23,3.28
Halo: The Master Chief Collection,XOne,2014,Shooter,Microsoft Game Studios,1.89,0.99,0.03,0.24,3.15
Gears of War: Ultimate Edition,XOne,2015,Shooter,Microsoft Game Studios,2.38,0.32,0,0.31,3
Titanfall,XOne,2014,Shooter,Electronic Arts,1.84,0.8,0.04,0.22,2.9
Tom Clancy's Rainbow Six: Siege,PS4,2015,Shooter,Ubisoft,0.54,1.16,0.13,0.32,2.15
Battlefield: Hardline,PS4,2015,Shooter,Electronic Arts,0.7,0.93,0.14,0.32,2.09
Tom Clancy's The Division,XOne,2016,Shooter,Ubisoft,1.2,0.62,0,0.18,2.01
Destiny,X360,2014,Shooter,Activision,1.3,0.49,0,0.16,1.95
Destiny: The Taken King,PS4,2015,Shooter,Activision,0.77,0.78,0.04,0.31,1.91
Call of Duty: Black Ops 3,PS3,2015,Shooter,Activision,0.49,0.96,0.07,0.27,1.79
Call of Duty: Black Ops 3,X360,2015,Shooter,Activision,1.11,0.48,0,0.16,1.76
Destiny,PS3,2014,Shooter,Activision,0.67,0.66,0.12,0.27,1.73
Overwatch,PS4,2016,Shooter,Activision,0.64,0.68,0.14,0.26,1.73
The Order: 1886,PS4,2015,Shooter,Sony Computer Entertainment,0.61,0.78,0.06,0.27,1.72
Far Cry 4,XOne,2014,Shooter,Ubisoft,0.79,0.68,0.01,0.13,1.61
Wolfenstein: The New Order,PS4,2014,Shooter,Bethesda Softworks,0.47,0.8,0.03,0.29,1.58
Far Cry 4,PS3,2014,Shooter,Ubisoft,0.33,0.79,0.08,0.23,1.44
Doom (2016),PS4,2016,Shooter,Bethesda Softworks,0.49,0.66,0.02,0.22,1.39
Titanfall,X360,2014,Shooter,Electronic Arts,0.87,0.38,0.02,0.11,1.38
Tom Clancy's Rainbow Six: Siege,XOne,2015,Shooter,Ubisoft,0.73,0.44,0,0.12,1.29
Battlefield: Hardline,XOne,2015,Shooter,Electronic Arts,0.72,0.37,0.01,0.11,1.2
Destiny: The Taken King,XOne,2015,Shooter,Activision,0.82,0.23,0,0.11,1.17
Plants vs. Zombies: Garden Warfare,X360,2014,Shooter,Electronic Arts,0.51,0.54,0,0.1,1.16
Alien: Isolation,PS4,2014,Shooter,Sega,0.34,0.56,0.04,0.19,1.13
Sunset Overdrive,XOne,2014,Shooter,Microsoft Game Studios,0.62,0.4,0,0.08,1.11
Far Cry 4,X360,2014,Shooter,Ubisoft,0.45,0.44,0,0.08,0.98
Evolve,PS4,2015,Shooter,Take-Two Interactive,0.35,0.41,0.05,0.15,0.95
Overwatch,XOne,2016,Shooter,Activision,0.52,0.25,0,0.08,0.85
Borderlands: The Handsome Collection,PS4,2015,Shooter,Take-Two Interactive,0.36,0.32,0.03,0.14,0.84
Borderlands 2,PSV,2014,Shooter,Take-Two Interactive,0.43,0.21,0.01,0.19,0.83
Plants vs. Zombies: Garden Warfare,PS3,2014,Shooter,Electronic Arts,0.22,0.4,0.01,0.14,0.76
Borderlands: The Pre-Sequel,X360,2014,Shooter,Take-Two Interactive,0.46,0.22,0.01,0.06,0.75
Plants vs. Zombies: Garden Warfare,XOne,2014,Shooter,Electronic Arts,0.39,0.23,0,0.06,0.68
Sniper Elite 3,PS4,2014,Shooter,505 Games,0.22,0.33,0,0.13,0.68
Doom (2016),XOne,2016,Shooter,Bethesda Softworks,0.39,0.23,0,0.06,0.68
Wolfenstein: The New Order,XOne,2014,Shooter,Bethesda Softworks,0.33,0.28,0,0.06,0.67
Borderlands: The Pre-Sequel,PS3,2014,Shooter,Take-Two Interactive,0.25,0.26,0.05,0.11,0.67
Far Cry 4,PC,2014,Shooter,Ubisoft,0.15,0.42,0,0.05,0.62
Evolve,XOne,2015,Shooter,Take-Two Interactive,0.36,0.2,0,0.06,0.62
Plants vs. Zombies: Garden Warfare,PS4,2014,Shooter,Electronic Arts,0.21,0.29,0.01,0.11,0.61
Titanfall,PC,2014,Shooter,Electronic Arts,0.21,0.3,0,0.07,0.58
Star Wars Battlefront (2015),PC,2015,Shooter,Electronic Arts,0.13,0.37,0,0.04,0.54
Wolfenstein: The New Order,PS3,2014,Shooter,Bethesda Softworks,0.14,0.25,0.02,0.09,0.51
Alien: Isolation,XOne,2014,Shooter,Sega,0.22,0.24,0,0.04,0.5
Battlefield: Hardline,PS3,2015,Shooter,Electronic Arts,0.12,0.23,0.07,0.07,0.49
Wolfenstein: The New Order,PC,2014,Shooter,Bethesda Softworks,0.12,0.29,0,0.05,0.46
Plants vs. Zombies: Garden Warfare 2,PS4,2016,Shooter,Electronic Arts,0.17,0.21,0,0.07,0.45
Plants vs. Zombies: Garden Warfare 2,XOne,2016,Shooter,Electronic Arts,0.26,0.15,0,0.04,0.44
Overwatch,PC,2016,Shooter,Activision,0.22,0.18,0,0.04,0.43
Destiny: The Taken King,PS3,2015,Shooter,Activision,0.16,0.17,0.02,0.06,0.41
Wolfenstein: The New Order,X360,2014,Shooter,Bethesda Softworks,0.18,0.19,0,0.04,0.41
Call of Duty: Advanced Warfare,PC,2014,Shooter,Activision,0.14,0.23,0,0.04,0.41
Borderlands: The Handsome Collection,XOne,2015,Shooter,Take-Two Interactive,0.24,0.13,0,0.04,0.41
Destiny: The Taken King,X360,2015,Shooter,Activision,0.22,0.12,0,0.03,0.38
Alien: Isolation,PS3,2014,Shooter,Sega,0.12,0.19,0,0.07,0.37
Tom Clancy's The Division,PC,2016,Shooter,Ubisoft,0.2,0.14,0,0.03,0.37
Star Fox: Zero,WiiU,2016,Shooter,Nintendo,0.16,0.1,0.07,0.03,0.35
Battlefield: Hardline,X360,2015,Shooter,Electronic Arts,0.17,0.14,0,0.03,0.34
Sniper Elite 3,XOne,2014,Shooter,505 Games,0.19,0.11,0,0.03,0.33
Sniper Elite 3,X360,2014,Shooter,505 Games,0.16,0.14,0,0.03,0.32
Sniper Elite 3,PS3,2014,Shooter,505 Games,0.1,0.15,0,0.06,0.31
Homefront: The Revolution,PS4,2016,Shooter,Deep Silver,0.05,0.19,0.03,0.04,0.31
Alien: Isolation,X360,2014,Shooter,Sega,0.15,0.13,0,0.03,0.3
Borderlands: The Pre-Sequel,PC,2014,Shooter,Take-Two Interactive,0.11,0.15,0,0.03,0.29
Payday 2,PS4,2015,Shooter,505 Games,0.09,0.14,0,0.04,0.27
Call of Duty: Black Ops 3,PC,2015,Shooter,Activision,0,0.22,0,0.01,0.23
Battleborn,PS4,2016,Shooter,Take-Two Interactive,0.09,0.08,0.01,0.04,0.22
Tom Clancy's Rainbow Six: Siege,PC,2015,Shooter,Ubisoft,0.12,0.08,0,0.02,0.22
BioShock The Collection,PS4,2016,Shooter,Take-Two Interactive,0.05,0.11,0.01,0.03,0.2
Zombie Army Trilogy,PS4,2015,Shooter,Rebellion Developments,0.04,0.12,0,0.03,0.2
Evolve,PC,2015,Shooter,Take-Two Interactive,0.07,0.1,0,0.01,0.18
Doom (2016),PC,2016,Shooter,Bethesda Softworks,0.06,0.1,0,0.01,0.18
Payday 2,XOne,2015,Shooter,505 Games,0.08,0.07,0,0.01,0.17
Alien: Isolation,PC,2014,Shooter,Sega,0,0.13,0,0.01,0.15
Battlefield: Hardline,PC,2015,Shooter,Electronic Arts,0,0.13,0,0.01,0.14
Battleborn,XOne,2016,Shooter,Take-Two Interactive,0.08,0.04,0,0.01,0.13
Homefront: The Revolution,XOne,2016,Shooter,Deep Silver,0.05,0.07,0,0.01,0.12
Zombie Army Trilogy,XOne,2015,Shooter,Rebellion Developments,0.04,0.05,0,0.01,0.1
BioShock The Collection,XOne,2016,Shooter,Take-Two Interactive,0.03,0.04,0,0.01,0.08
Battleborn,PC,2016,Shooter,Take-Two Interactive,0.03,0.03,0,0.01,0.07
Enemy Front,PS3,2014,Shooter,City Interactive,0.01,0.05,0,0.01,0.07
Resident Evil 6,PS4,2016,Shooter,Capcom,0.05,0,0,0.01,0.07
Destiny: The Collection,PS4,2016,Shooter,Activision,0.01,0.04,0,0.01,0.06
Earth Defense Force 4.1: The Shadow of New Despair,PS4,2015,Shooter,Xseed Games,0.02,0.02,0,0.01,0.05
Resident Evil 4 HD,PS4,2016,Shooter,Capcom,0.03,0,0,0.01,0.03
Animal Crossing: Happy Home Designer,3DS,2015,Simulation,Nintendo,0.47,1,1.39,0.12,2.98
The Sims 4,PC,2014,Simulation,Electronic Arts,0.96,1.72,0,0.29,2.97
Farming Simulator 2015,PC,2014,Simulation,Focus Home Interactive,0.08,1.02,0,0.13,1.23
Football Manager 2015,PC,2014,Simulation,Sega,0,0.43,0,0.05,0.48
Farming Simulator 2015,PS3,2015,Simulation,Koch Media,0.11,0.28,0,0.07,0.46
Farming Simulator 2015,X360,2015,Simulation,Koch Media,0.21,0.16,0,0.04,0.41
Story of Seasons,3DS,2014,Simulation,Nintendo,0,0.13,0.26,0.01,0.4
Farming Simulator 2015,PS4,2015,Simulation,Koch Media,0.1,0.2,0,0.05,0.35
Football Manager 2016,PC,2015,Simulation,Sega,0,0.29,0,0.02,0.31
Tropico 5,PS4,2015,Simulation,Kalypso Media,0.05,0.16,0.05,0.04,0.3
The Sims 4: Get Together,PC,2015,Simulation,Electronic Arts,0.05,0.13,0,0.01,0.19
Farming Simulator 2015,XOne,2015,Simulation,Koch Media,0.1,0.07,0,0.02,0.19
Harvest Moon: The Lost Valley,3DS,2014,Simulation,Natsume,0.12,0.02,0,0.01,0.15
Return to PopoloCrois: A Story of Seasons Fairytale,3DS,2015,Simulation,Marvelous Entertainment,0.04,0,0.1,0.01,0.15
Cities: Skylines,PC,2015,Simulation,Paradox Interactive,0,0.13,0,0.01,0.14
Tropico 5,PC,2014,Simulation,Kalypso Media,0.02,0.08,0,0.01,0.12
Tropico 5,X360,2014,Simulation,Kalypso Media,0.03,0.04,0,0.01,0.07
FIFA 16,PS4,2015,Sports,Electronic Arts,1.11,6.06,0.06,1.26,8.49
FIFA 15,PS4,2014,Sports,Electronic Arts,0.79,4.29,0.05,1.47,6.59
FIFA 15,PS3,2014,Sports,Electronic Arts,0.57,3.14,0.04,1.07,4.82
FIFA 17,PS4,2016,Sports,Electronic Arts,0.28,3.75,0.06,0.69,4.77
NBA 2K16,PS4,2015,Sports,Take-Two Interactive,2.48,0.65,0.03,0.69,3.85
FIFA 16,XOne,2015,Sports,Electronic Arts,0.88,2.11,0,0.23,3.23
Madden NFL 16,PS4,2015,Sports,Electronic Arts,2.33,0.3,0,0.59,3.22
FIFA 15,X360,2014,Sports,Electronic Arts,0.78,2.02,0,0.3,3.11
FIFA 16,PS3,2015,Sports,Electronic Arts,0.4,1.98,0.05,0.42,2.85
Madden NFL 16,XOne,2015,Sports,Electronic Arts,2.07,0.08,0,0.26,2.4
NBA 2K15,PS4,2014,Sports,Take-Two Interactive,1.46,0.54,0.01,0.37,2.38
NBA 2K16,XOne,2015,Sports,Take-Two Interactive,1.93,0.14,0,0.24,2.32
FIFA 15,XOne,2014,Sports,Electronic Arts,0.6,1.41,0,0.14,2.15
Madden NFL 15,PS4,2014,Sports,Electronic Arts,1.53,0.25,0,0.25,2.03
Madden NFL 15,X360,2014,Sports,Electronic Arts,1.76,0.09,0,0.17,2.02
NBA 2K15,XOne,2014,Sports,Take-Two Interactive,1.36,0.18,0,0.15,1.69
FIFA 16,X360,2015,Sports,Electronic Arts,0.55,1.01,0,0.13,1.69
NBA 2K15,X360,2014,Sports,Take-Two Interactive,1.33,0.14,0,0.15,1.63
FIFA 17,XOne,2016,Sports,Electronic Arts,0.17,1.26,0,0.1,1.53
Madden NFL 15,XOne,2014,Sports,Electronic Arts,1.3,0.09,0,0.12,1.51
Madden NFL 15,PS3,2014,Sports,Electronic Arts,1.07,0.15,0,0.19,1.41
NBA 2K15,PS3,2014,Sports,Take-Two Interactive,0.86,0.27,0.02,0.22,1.36
Madden NFL 17,PS4,2016,Sports,Electronic Arts,0.92,0.08,0,0.23,1.23
WWE 2K16,PS4,2015,Sports,Take-Two Interactive,0.41,0.6,0,0.19,1.2
NBA 2K17,PS4,2016,Sports,Take-Two Interactive,0.83,0.14,0,0.22,1.19
WWE 2K15,PS4,2014,Sports,Take-Two Interactive,0.38,0.56,0,0.19,1.13
EA Sports UFC,PS4,2014,Sports,Electronic Arts,0.46,0.4,0.01,0.17,1.04
Madden NFL 16,X360,2015,Sports,Electronic Arts,0.82,0.05,0,0.1,0.98
NBA 2K16,X360,2015,Sports,Take-Two Interactive,0.77,0.1,0,0.1,0.97
MLB 15: The Show,PS4,2015,Sports,Sony Computer Entertainment,0.67,0.08,0,0.17,0.92
EA Sports UFC 2,PS4,2016,Sports,Electronic Arts,0.28,0.47,0,0.14,0.89
WWE 2K15,PS3,2014,Sports,Take-Two Interactive,0.36,0.35,0,0.14,0.85
FIFA 15,PSV,2014,Sports,Electronic Arts,0.13,0.48,0.04,0.19,0.84
Madden NFL 17,XOne,2016,Sports,Electronic Arts,0.72,0.02,0,0.09,0.82
Madden NFL 16,PS3,2015,Sports,Electronic Arts,0.56,0.11,0,0.15,0.82
NBA 2K16,PS3,2015,Sports,Take-Two Interactive,0.44,0.19,0.03,0.13,0.8
Pro Evolution Soccer 2016,PS4,2015,Sports,Konami Digital Entertainment,0.13,0.42,0.13,0.1,0.78
Pro Evolution Soccer 2015,PS4,2014,Sports,Konami Digital Entertainment,0.09,0.43,0.11,0.13,0.76
FIFA 15,Wii,2014,Sports,Electronic Arts,0.24,0.46,0,0.06,0.76
2014 FIFA World Cup Brazil,PS3,2014,Sports,Electronic Arts,0.15,0.39,0.01,0.16,0.71
WWE 2K15,X360,2014,Sports,Take-Two Interactive,0.38,0.26,0,0.06,0.69
MLB 14: The Show,PS4,2014,Sports,Sony Computer Entertainment America,0.58,0,0,0.07,0.65
NBA 2K17,XOne,2016,Sports,Take-Two Interactive,0.54,0.04,0,0.07,0.64
Pro Evolution Soccer 2015,PS3,2014,Sports,Konami Digital Entertainment,0.1,0.23,0.22,0.08,0.62
NHL 16,PS4,2015,Sports,Electronic Arts,0.35,0.15,0,0.11,0.61
NHL 15,PS4,2014,Sports,Electronic Arts,0.3,0.18,0,0.1,0.58
Kinect Sports Rivals,XOne,2014,Sports,Microsoft Game Studios,0.3,0.22,0.02,0.04,0.58
WWE 2K16,XOne,2015,Sports,Take-Two Interactive,0.31,0.22,0,0.05,0.58
WWE 2K16,PS3,2015,Sports,Take-Two Interactive,0.21,0.27,0,0.09,0.58
WWE 2K15,XOne,2014,Sports,Take-Two Interactive,0.28,0.23,0,0.04,0.56
WWE 2K16,X360,2015,Sports,Take-Two Interactive,0.27,0.19,0,0.04,0.5
Mario Golf: World Tour,3DS,2014,Sports,Nintendo,0.15,0.14,0.17,0.03,0.48
2014 FIFA World Cup Brazil,X360,2014,Sports,Electronic Arts,0.14,0.28,0,0.04,0.47
NHL 16,XOne,2015,Sports,Electronic Arts,0.37,0.05,0,0.05,0.47
NHL 15,X360,2014,Sports,Electronic Arts,0.35,0.07,0,0.04,0.47
EA Sports UFC,XOne,2014,Sports,Electronic Arts,0.3,0.12,0,0.04,0.46
Pro Evolution Soccer 2016,PS3,2015,Sports,Konami Digital Entertainment,0.08,0.18,0.15,0.05,0.45
FIFA 15,3DS,2014,Sports,Electronic Arts,0.09,0.33,0,0.03,0.45
Mario Tennis Ultra Smash,WiiU,2015,Sports,Nintendo,0.13,0.16,0.13,0.03,0.45
NHL 15,XOne,2014,Sports,Electronic Arts,0.31,0.06,0,0.03,0.4
EA Sports UFC 2,XOne,2016,Sports,Electronic Arts,0.23,0.14,0,0.04,0.4
Wii Sports Club,WiiU,2014,Sports,Nintendo,0.19,0.14,0.04,0.03,0.4
MLB 15: The Show,PS3,2015,Sports,Sony Computer Entertainment,0.3,0.01,0,0.07,0.39
MLB 14: The Show,PS3,2014,Sports,Sony Computer Entertainment America,0.35,0,0,0.04,0.39
NHL 15,PS3,2014,Sports,Electronic Arts,0.21,0.11,0,0.06,0.38
FIFA 17,PS3,2016,Sports,Electronic Arts,0.02,0.29,0.01,0.05,0.38
FIFA 15,PC,2014,Sports,Electronic Arts,0,0.27,0,0.03,0.3
Pro Evolution Soccer 2017,PS4,2016,Sports,Konami Digital Entertainment,0.01,0.16,0.09,0.03,0.28
UEFA Euro 2016,PS4,2016,Sports,Konami Digital Entertainment,0,0.21,0.03,0.03,0.28
NBA Live 15,PS4,2014,Sports,Electronic Arts,0.15,0.04,0,0.04,0.23
Rocket League,PS4,2016,Sports,505 Games,0.02,0.14,0,0.07,0.23
NBA Live 15,XOne,2014,Sports,Electronic Arts,0.17,0.02,0,0.02,0.2
NHL 17,PS4,2016,Sports,Electronic Arts,0.13,0.04,0,0.04,0.2
Tony Hawk's Pro Skater 5,PS4,2015,Sports,Activision,0.09,0.08,0,0.03,0.2
FIFA 16,PC,2015,Sports,Electronic Arts,0.04,0.13,0,0.01,0.18
FIFA 17,X360,2016,Sports,Electronic Arts,0.03,0.13,0,0.01,0.18
NBA Live 16,PS4,2015,Sports,Electronic Arts,0.1,0.04,0,0.03,0.17
NASCAR '15,X360,2015,Sports,Deep Silver,0.15,0,0,0.02,0.17
Pro Evolution Soccer 2015,X360,2014,Sports,Konami Digital Entertainment,0.05,0.1,0,0.01,0.16
NHL 17,XOne,2016,Sports,Electronic Arts,0.13,0.01,0,0.02,0.15
MLB 14: The Show,PSV,2014,Sports,Sony Computer Entertainment America,0.11,0,0,0.02,0.14
Pro Evolution Soccer 2015,XOne,2014,Sports,Konami Digital Entertainment,0.02,0.1,0,0.01,0.14
Rugby 15,PS3,2015,Sports,Bigben Interactive,0.02,0.09,0,0.02,0.13
Pro Evolution Soccer 2016,X360,2015,Sports,Konami Digital Entertainment,0.04,0.08,0,0.01,0.13
Rocket League,XOne,2016,Sports,505 Games,0.03,0.09,0,0.01,0.12
WRC 5: FIA World Rally Championship,PS3,2015,Sports,Bigben Interactive,0.02,0.09,0,0.02,0.12
Don Bradman Cricket 14,PS4,2015,Sports,Tru Blu Entertainment,0.01,0.09,0,0.02,0.12
Tony Hawk's Pro Skater 5,XOne,2015,Sports,Activision,0.08,0.02,0,0.01,0.11
UEFA Euro 2016,PS3,2016,Sports,Konami Digital Entertainment,0,0.08,0.02,0.01,0.11
Rugby 15,PS4,2015,Sports,Bigben Interactive,0.03,0.06,0,0.02,0.11
Pro Evolution Soccer 2016,XOne,2015,Sports,Konami Digital Entertainment,0.03,0.06,0,0.01,0.1
NBA Live 16,XOne,2015,Sports,Electronic Arts,0.08,0.01,0,0.01,0.1
NBA 2K16,PC,2015,Sports,Take-Two Interactive,0.02,0.06,0,0.01,0.09
Rugby 15,XOne,2015,Sports,Bigben Interactive,0.03,0.05,0,0.01,0.09
Madden NFL 17,X360,2016,Sports,Electronic Arts,0.06,0.01,0,0.01,0.08
The Golf Club,PS4,2014,Sports,Unknown,0.05,0.02,0,0.01,0.08
Madden NFL 17,PS3,2016,Sports,Electronic Arts,0.05,0.01,0,0.01,0.08
WRC 5: FIA World Rally Championship,PSV,2015,Sports,Bigben Interactive,0,0.06,0,0.02,0.08
Rugby World Cup 2015,PS3,2015,Sports,Ubisoft,0,0.06,0,0.01,0.07
Tony Hawk's Pro Skater 5,X360,2015,Sports,Activision,0.06,0,0,0.01,0.07
Pro Evolution Soccer 2015,PC,2014,Sports,Konami Digital Entertainment,0,0.06,0,0.01,0.07
Rugby 15,PSV,2015,Sports,Bigben Interactive,0,0.05,0,0.01,0.06
Rugby World Cup 2015,PS4,2015,Sports,Ubisoft,0,0.05,0,0.01,0.06
MX vs. ATV Supercross Encore,PS4,2015,Sports,Nordic Games,0,0.05,0,0.01,0.06
Tony Hawk's Pro Skater 5,PS3,2015,Sports,Activision,0.04,0,0,0.01,0.06
Handball 16,PS4,2015,Sports,Bigben Interactive,0,0.05,0,0.01,0.06
NBA 2K17,X360,2016,Sports,Take-Two Interactive,0.04,0,0,0.01,0.05
WRC 5: FIA World Rally Championship,PS4,2015,Sports,Bigben Interactive,0,0.04,0,0.01,0.05
Pro Cycling Manager 2016,PS4,2016,Sports,Focus Home Interactive,0,0.04,0,0.01,0.05
NBA 2K17,PS3,2016,Sports,Take-Two Interactive,0.03,0.01,0,0.01,0.05
Handball 16,PS3,2015,Sports,Bigben Interactive,0,0.04,0,0.01,0.05
Rugby Challenge 3,PS3,2016,Sports,Alternative Software,0,0.04,0,0.01,0.04
Rugby Challenge 3,PS4,2016,Sports,Alternative Software,0,0.03,0,0.01,0.04
Rugby World Cup 2015,PSV,2015,Sports,Ubisoft,0,0.03,0,0.01,0.04
NHL 16,PS3,2015,Sports,Electronic Arts,0,0.03,0,0.01,0.04
MLB 15: The Show,PSV,2015,Sports,Sony Computer Entertainment,0.03,0,0,0.01,0.04
StarCraft II: Legacy of the Void,PC,2015,Strategy,Activision,0.18,0.29,0,0.04,0.51
Sid Meier's Civilization: Beyond Earth,PC,2014,Strategy,Take-Two Interactive,0.11,0.22,0,0.03,0.37
Anno 2205,PC,2015,Strategy,Ubisoft,0.02,0.22,0,0.01,0.25
Total War: Attila,PC,2015,Strategy,Sega,0.09,0.13,0,0.02,0.23
Code Name: S.T.E.A.M.,3DS,2015,Strategy,Nintendo,0.14,0.05,0.01,0.02,0.22
State of Decay,XOne,2015,Strategy,Microsoft Game Studios,0.14,0.05,0,0.02,0.2
XCOM 2,PC,2016,Strategy,Take-Two Interactive,0.09,0.1,0,0.02,0.2
Total War: WARHAMMER,PC,2016,Strategy,Sega,0,0.1,0,0.01,0.1
Grand Ages: Medieval,PS4,2015,Strategy,Kalypso Media,0,0.05,0.01,0.01,0.07
XCOM 2,PS4,2016,Strategy,Take-Two Interactive,0.01,0.02,0,0.01,0.04
Nobunaga's Ambition: Sphere of Influence,PS4,2014,Strategy,Tecmo Koei,0.03,0,0,0.01,0.04
